CASE_ID,ACCIDENT_YEAR,PROC_DATE,JURIS,COLLISION_DATE,COLLISION_TIME,OFFICER_ID,REPORTING_DISTRICT,DAY_OF_WEEK,CHP_SHIFT,POPULATION,CNTY_CITY_LOC,SPECIAL_COND,BEAT_TYPE,CHP_BEAT_TYPE,CITY_DIVISION_LAPD,CHP_BEAT_CLASS,BEAT_NUMBER,PRIMARY_RD,SECONDARY_RD,DISTANCE,DIRECTION,INTERSECTION,WEATHER_1,WEATHER_2,STATE_HWY_IND,CALTRANS_COUNTY,CALTRANS_DISTRICT,STATE_ROUTE,ROUTE_SUFFIX,POSTMILE_PREFIX,POSTMILE,LOCATION_TYPE,RAMP_INTERSECTION,SIDE_OF_HWY,TOW_AWAY,COLLISION_SEVERITY,NUMBER_KILLED,NUMBER_INJURED,PARTY_COUNT,PRIMARY_COLL_FACTOR,PCF_CODE_OF_VIOL,PCF_VIOL_CATEGORY,PCF_VIOLATION,PCF_VIOL_SUBSECTION,HIT_AND_RUN,TYPE_OF_COLLISION,MVIW,PED_ACTION,ROAD_SURFACE,ROAD_COND_1,ROAD_COND_2,LIGHTING,CONTROL_DEVICE,CHP_ROAD_TYPE,PEDESTRIAN_ACCIDENT,BICYCLE_ACCIDENT,MOTORCYCLE_ACCIDENT,TRUCK_ACCIDENT,NOT_PRIVATE_PROPERTY,ALCOHOL_INVOLVED,STWD_VEHTYPE_AT_FAULT,CHP_VEHTYPE_AT_FAULT,COUNT_SEVERE_INJ,COUNT_VISIBLE_INJ,COUNT_COMPLAINT_PAIN,COUNT_PED_KILLED,COUNT_PED_INJURED,COUNT_BICYCLIST_KILLED,COUNT_BICYCLIST_INJURED,COUNT_MC_KILLED,COUNT_MC_INJURED,PRIMARY_RAMP,SECONDARY_RAMP,LATITUDE,LONGITUDE,COUNTY,CITY,POINT_X,POINT_Y
90601920,2017,2017-11-27,9295,2017-11-25,1045,018736,,6,1,9,0300,0,1,3,,1,013,SR-49,"HIGHWAY VIEW WAY",3168.00,S,N,A,-,Y,,,49,,,,,,,Y,2,0,2,1,A,-,08,22107,,N,F,I,A,A,H,-,A,D,0,,,,,Y,,A,01,1,1,0,0,0,0,0,0,0,"- ","- ",38.51455,-120.84875,AMADOR,UNINCORPORATED,-120.8487099,38.514544739999998
90602255,2017,2017-11-27,9295,2017-11-16,1524,019003,,4,2,9,0300,0,1,3,,1,031,SR-88,"EGGIMAN LN",3168.00,W,N,B,C,Y,,,88,,,,,,,Y,4,0,1,1,A,-,05,21650,,N,E,I,A,B,H,-,A,D,0,,,,,Y,,A,07,0,0,1,0,0,0,0,0,0,"- ","- ",38.344720000000002,-120.86024,AMADOR,UNINCORPORATED,-120.86027077999999,38.344821889999999
90602291,2017,2017-11-27,9295,2017-11-11,1700,019003,,6,2,9,0300,0,1,3,,1,042,SR-88,"TOYON DR",345.00,W,N,A,-,Y,,,88,,,,,,,Y,3,0,1,1,A,-,01,23152,A,N,E,I,A,A,H,-,D,D,0,,,,,Y,Y,A,01,0,1,0,0,0,0,0,0,0,"- ","- ",38.394939999999998,-120.67837,AMADOR,UNINCORPORATED,-120.67832512,38.394936569999999
90602402,2017,2017-12-05,9295,2017-11-25,1550,019229,,6,2,9,0300,0,1,3,,1,049,SR-88,SR-49,46.00,E,N,A,-,Y,,,88,,,,,,,Y,3,0,2,3,A,-,03,22350,,N,C,C,A,A,H,-,A,A,0,,,,,Y,,A,01,0,1,1,0,0,0,0,0,0,"- ","- ",38.365279999999998,-120.79425000000001,AMADOR,UNINCORPORATED,-120.79474402,38.365282970000003
90604263,2017,2017-11-28,9295,2017-11-22,1855,016881,,3,2,9,0300,0,1,3,,1,041,"RIDGE ROAD",SR-88,480.00,E,N,A,-,Y,,,,,,,,,,Y,3,0,1,3,A,-,03,22350,,N,C,C,A,A,H,-,D,D,0,,,,,Y,,A,07,0,1,0,0,0,0,0,0,0,"- ","- ",38.361240000000002,-120.82069,AMADOR,UNINCORPORATED,-120.66735,38.412820000000004
90614140,2017,2017-12-11,9295,2017-12-07,1530,018684,,4,2,9,0300,0,1,3,,2,055,"SR-26 (RED CORRAL ROAD)","JOYCE RD",1000.00,E,N,A,-,Y,,,26,,,,,,,N,4,0,1,1,A,-,08,22107,,N,E,I,A,A,H,-,A,D,0,,,,,Y,,A,07,0,0,1,0,0,0,0,0,0,"- ","- ",38.421579999999999,-120.57738000000001,AMADOR,UNINCORPORATED,-120.57737413,38.421507210000001
90614243,2017,2017-12-11,9295,2017-12-05,2130,015691,,2,2,9,0300,0,3,5,,2,004,"NEW YORK RANCH ROAD","CHINA GRAVEYARD ROAD",13.00,S,N,A,-,N,,,,,,,,,,Y,3,0,3,2,A,-,08,22107,,N,A,C,A,A,H,-,C,A,0,,,,,Y,,D,23,0,2,1,0,0,0,0,0,0,"- ","- ",38.366720000000001,-120.76347,AMADOR,UNINCORPORATED,-120.76348762000001,38.366674349999997
90615794,2017,2017-12-12,9295,2017-12-05,1400,014182,,2,2,9,0300,0,2,4,,1,045,"RIDGE ROAD","CLIMAX ROAD",600.00,E,N,A,-,N,,,,,,,,,,Y,3,0,1,1,A,-,05,21650,,N,E,I,A,A,H,-,A,D,0,,,,,Y,,A,01,0,1,0,0,0,0,0,0,0,"- ","- ",38.40549,-120.71505999999999,AMADOR,UNINCORPORATED,-120.71699,38.404510000000002
90615866,2017,2017-12-12,9295,2017-12-08,0935,014182,,5,1,9,0300,0,3,5,,2,005,"STATE ROUTE 88","MARILYN LN",0.00,,Y,A,-,Y,,,88,,,,,,,Y,4,0,1,2,A,-,03,22350,,N,C,C,A,A,H,-,A,D,0,,,,,Y,,A,01,0,0,1,0,0,0,0,0,0,"- ","- ",38.421509999999998,-120.60030999999999,AMADOR,UNINCORPORATED,-120.60034297999999,38.42153287
90617400,2017,2017-12-14,9295,2017-12-05,1940,018776,,2,2,9,0300,0,3,5,,2,003,"CURRAN RD","VILLAGE DR.",3696.00,N,N,A,-,N,,,,,,,,,,Y,4,0,1,1,A,-,08,22107,,N,E,I,A,A,H,-,D,D,0,,,,,Y,,A,01,0,0,1,0,0,0,0,0,0,"- ","- ",38.271349999999998,-120.95167000000001,AMADOR,UNINCORPORATED,-120.95169964999999,38.270663650000003
90617440,2017,2017-12-14,9295,2017-12-09,0135,015330,,6,3,9,0300,0,1,3,,1,064,SR-88,"OMO RANCH RD.",0.00,,Y,A,-,Y,,,88,,,,,,,Y,3,0,2,1,A,-,08,22107,,N,E,I,A,A,H,-,D,D,0,,,,,Y,,A,01,0,1,1,0,0,0,0,0,0,"- ","- ",38.528100000000002,-120.44223,AMADOR,UNINCORPORATED,-120.44217415,38.528031660000003
90617482,2017,2017-12-14,9295,2017-12-08,1730,015330,,5,2,9,0300,0,1,3,,1,016,SR-16,"LATROBE RD",50.00,E,N,A,-,Y,,,16,,,,,,,Y,4,0,1,2,A,-,09,21802,A,N,C,C,A,A,H,-,D,A,0,,,,,Y,,D,22,0,0,1,0,0,0,0,0,0,"- ","- ",38.453040000000001,-120.91766,AMADOR,UNINCORPORATED,-120.91764473000001,38.45310035
90617501,2017,2017-12-14,9295,2017-12-05,1400,014579,,2,2,9,0300,0,1,3,,1,031,SR-88,"BROOK RANCH RD  E",5280.00,E,N,A,-,Y,,,88,,,,,,,Y,4,0,3,3,A,-,04,21703,,N,C,C,A,A,H,-,A,D,0,,,,,Y,,A,01,0,0,3,0,0,0,0,0,0,"- ","- ",38.342930000000003,-120.87603,AMADOR,UNINCORPORATED,-120.87606481,38.342799790000001
90619270,2017,2017-12-18,9295,2017-12-14,1009,014943,,4,1,9,0300,0,1,3,,1,016,SR-16,"GREILICH RD",100.00,E,N,A,-,Y,,,16,,,,,,,N,4,0,1,1,C,-,18,,,N,H,H,A,A,H,-,A,D,0,,,,,Y,,-,"- ",0,0,1,0,0,0,0,0,0,"- ","- ",38.449710000000003,-120.8857,AMADOR,UNINCORPORATED,-120.88578132000001,38.450135080000003
90619932,2017,2017-12-18,9295,2017-12-18,1155,014182,,1,1,9,0300,0,3,5,,2,005,"STATE ROUTE 88","GAYLA DRIVE",1.00,W,N,A,-,Y,,,88,,,,,,,Y,4,0,1,2,A,-,03,22350,,N,C,C,A,A,H,-,A,D,0,,,,,Y,,A,07,0,0,1,0,0,0,0,0,0,"- ","- ",38.40502,-120.62209,AMADOR,UNINCORPORATED,-120.62199151999999,38.404967720000002
90620383,2017,2017-12-19,9295,2017-12-17,1720,019158,,7,2,9,0300,0,3,5,,2,004,"NEW CHICAGO RD","TURNER RD",300.00,W,N,A,-,N,,,,,,,,,,Y,3,0,1,1,A,-,05,21650,,N,E,I,A,A,H,-,D,D,0,,,,,Y,,D,22,0,1,0,0,0,0,0,0,0,"- ","- ",38.438020000000002,-120.82080999999999,AMADOR,UNINCORPORATED,-120.8203676,38.437987470000003
90620412,2017,2017-12-19,9295,2017-12-18,0930,018736,,1,1,9,0300,0,1,3,,2,055,"RED CORRAL RD","BOBBIE LN",0.00,,Y,A,-,Y,,,,,,,,,,Y,3,0,1,2,A,-,04,21706,,N,D,C,A,A,H,-,A,D,0,,,,,Y,,D,22,0,1,0,0,0,0,0,0,0,"- ","- ",38.415239999999997,-120.58541,AMADOR,UNINCORPORATED,,
90621339,2017,2017-12-20,9295,2017-12-19,1005,018736,,2,1,9,0300,0,3,5,,2,004,"NEW YORK RANCH RD","DUSTY WAY",1400.00,S,N,A,-,N,,,,,,,,,,Y,4,0,2,2,A,-,08,22107,,N,B,C,A,A,H,-,A,D,0,,,,,Y,,A,01,0,0,2,0,0,0,0,0,0,"- ","- ",38.383899999999997,-120.74267,AMADOR,UNINCORPORATED,-120.74282527,38.383600729999998
90625200,2017,2017-12-22,9295,2017-12-20,1600,016881,,3,2,9,0300,0,1,3,,1,064,"SR-88 E/B","OMO RANCH RD",10560.00,E,N,B,-,Y,,,88,,,,,,E,Y,3,0,1,1,A,-,03,22350,,N,E,I,A,C,H,-,A,D,0,,,,,Y,,A,07,0,1,0,0,0,0,0,0,0,"- ","- ",38.53107,-120.41370000000001,AMADOR,UNINCORPORATED,-120.41368699,38.531010019999997
90625224,2017,2017-12-22,9295,2017-12-21,1550,019229,,4,2,9,0300,0,3,5,,2,005,"BUCKHORN RIDGE RD",SR-88,300.00,N,N,A,-,N,,,,,,,,,,N,4,0,2,2,A,-,03,22350,,N,C,C,A,A,H,-,A,D,0,,,,,Y,,A,01,0,0,2,0,0,0,0,0,0,"- ","- ",38.444519999999997,-120.53659,AMADOR,UNINCORPORATED,-120.53501516999999,38.44348506
90625501,2017,2017-12-22,9295,2017-12-16,1345,019003,,6,1,9,0300,0,3,5,,2,002,"WILLOW CREEK RD","MULLER RD",50.00,E,N,A,G,N,,,,,,,,,,Y,4,0,1,1,A,-,05,21650,,N,F,A,A,A,H,-,A,D,0,,,Y,,Y,,C,02,0,0,1,0,0,0,0,0,1,"- ","- ",38.427669999999999,-120.90219999999999,AMADOR,UNINCORPORATED,-120.90209055,38.427962239999999
90626333,2017,2017-12-26,9295,2017-12-24,1015,018736,,7,1,9,0300,0,1,3,,1,031,SR-88,"MARTIN LN",1954.00,W,N,A,-,Y,,,88,,,,,,,Y,4,0,1,1,A,-,08,22107,,N,E,I,A,B,H,-,A,D,0,,,,,Y,,A,01,0,0,1,0,0,0,0,0,0,"- ","- ",38.312609999999999,-120.94793,AMADOR,UNINCORPORATED,-120.94794668,38.312674850000001
90631034,2017,2018-01-02,9295,2017-12-29,1820,019003,,5,2,9,0300,0,1,3,,1,049,"SUTTER IONE RD",SR-49,0.00,,Y,A,-,Y,,,,,,,,,,Y,4,0,3,3,A,-,09,21802,A,N,D,C,A,A,H,-,C,A,0,,,,,Y,,A,07,0,0,3,0,0,0,0,0,0,"- ","- ",38.39922,-120.81820999999999,AMADOR,UNINCORPORATED,-120.8182099,38.399180000000001
90633767,2018,2018-01-05,9295,2018-01-04,1630,014943,,4,2,9,0300,0,3,5,,2,004,"BUTTE MOUNTAIN RD","BUTTE MOUNTAIN LN  W",1056.00,E,N,B,-,N,,,,,,,,,,Y,3,0,1,1,A,-,03,22350,,N,F,A,A,B,H,-,B,D,0,,,,,Y,,A,01,0,1,0,0,0,0,0,0,0,"- ","- ",38.344081878662109,-120.72119903564453,AMADOR,UNINCORPORATED,-120.72235870361328,38.344192504882812
90637002,2018,2018-01-10,9295,2018-01-09,1525,018502,,2,2,9,0300,0,1,3,,1,041,"SR-104 (RIDGE ROAD)","AMPINE-FIBREFORM RD",6.00,E,N,C,-,Y,,,104,,,,,,,Y,4,0,1,1,A,-,08,22107,,N,E,I,A,B,H,-,A,D,0,,,,,Y,,A,07,0,0,1,0,0,0,0,0,0,"- ","- ",38.371269226074219,-120.81223297119141,AMADOR,UNINCORPORATED,-120.81222534179688,38.371265411376953
90639811,2018,2018-01-15,9295,2018-01-11,1155,018736,,4,1,9,0300,0,3,5,,2,003,"CAMANCHE PKY N","LAKEVIEW DR",3802.00,W,N,A,-,N,,,,,,,,,,Y,3,0,1,1,A,-,08,22107,,N,E,I,A,A,H,-,A,D,0,,,,,Y,,A,01,0,1,0,0,0,0,0,0,0,"- ","- ",38.243350982666016,-120.97471618652344,AMADOR,UNINCORPORATED,-120.97467803955078,38.243381500244141
90639869,2018,2018-01-15,9295,2018-01-08,1700,018684,,1,2,9,0300,0,1,3,,1,064,SR-88,"HAMS STATION",4752.00,W,N,B,C,Y,,,88,,,,,,,Y,3,0,1,1,A,-,01,23152,,N,F,A,A,B,H,-,D,D,0,,,,Y,Y,Y,G,27,0,1,0,0,0,0,0,0,0,"- ","- ",38.540508270263672,-120.38948822021484,AMADOR,UNINCORPORATED,-120.38948059082031,38.540481567382812
90640479,2018,2018-01-16,9295,2018-01-08,1125,014579,,1,1,9,0300,0,3,5,,2,004,"NEW YORK RANCH ROAD","CHINA GRAVEYARD RD",1584.00,N,N,B,C,N,,,,,,,,,,Y,4,0,1,1,A,-,03,22350,,N,E,I,A,B,H,-,A,A,0,,,,,Y,,A,01,0,0,1,0,0,0,0,0,0,"- ","- ",38.371208190917969,-120.76087951660156,AMADOR,UNINCORPORATED,-120.76186370849609,38.370780944824219
90640765,2017,2018-01-30,9295,2017-12-24,1625,019158,,7,2,9,0300,0,1,3,,1,031,"STATE ROUTE 88","EGGIMAN LANE",1400.00,W,N,B,-,Y,,,88,,,,,,,Y,1,1,1,2,A,-,11,21954,A,N,G,B,D,A,H,-,B,D,0,Y,,,,Y,,N,60,0,0,1,1,0,0,0,0,0,"- ","- ",38.346409999999999,-120.85502,AMADOR,UNINCORPORATED,-120.8550237,38.3464223
90641538,2018,2018-01-17,9295,2018-01-10,1445,014943,,3,2,9,0300,0,1,3,,1,053,SR-88,"BUCKHORN RIDGE RD",792.00,W,N,B,-,Y,,,88,,,,,,,Y,4,0,2,1,A,-,01,23152,A,N,E,I,A,B,H,-,A,D,0,,,,,Y,Y,A,01,0,0,2,0,0,0,0,0,0,"- ","- ",38.442470550537109,-120.54109191894531,AMADOR,UNINCORPORATED,-120.54107666015625,38.442447662353516
90644441,2018,2018-01-22,9295,2018-01-17,1620,018684,,3,2,9,0300,0,3,5,,2,005,"BUCKHORN RIDGE RD","BUCKHORN LN",0.00,,Y,B,-,N,,,,,,,,,,Y,4,0,1,2,A,-,09,21801,A,N,A,C,A,A,H,-,A,D,0,,,,,Y,,A,01,0,0,1,0,0,0,0,0,0,"- ","- ",38.443679809570312,-120.54741668701172,AMADOR,UNINCORPORATED,-120.54779052734375,38.443561553955078
90645059,2018,2018-01-22,9295,2018-01-16,0850,014579,,2,1,9,0300,0,3,5,,2,003,"CAMANCHE PARKWAY NORTH","SAN JOAQUIN CO. LINE",6336.00,E,N,B,E,N,,,,,,,,,,Y,4,0,4,2,A,-,05,21460,A,N,B,C,A,B,H,-,A,D,0,,,,,Y,,A,01,0,0,4,0,0,0,0,0,0,"- ","- ",38.245048522949219,-120.98555755615234,AMADOR,UNINCORPORATED,-120.98561096191406,38.245021820068359
90647349,2018,2018-01-25,9295,2018-01-15,2120,019003,,1,2,9,0300,0,2,4,,1,045,"RIDGE RD","SURREY JUNCTION LN",525.00,E,N,B,-,N,,,,,,,,,,Y,2,0,1,2,A,-,01,23152,A,N,A,C,A,A,H,-,D,D,0,,,,,Y,Y,A,01,1,0,0,0,0,0,0,0,0,"- ","- ",38.408370971679688,-120.711181640625,AMADOR,UNINCORPORATED,-120.71125793457031,38.408306121826172
90647487,2018,2018-02-06,9295,2018-01-18,0750,015164,,4,1,9,0300,0,1,3,,1,049,SR-49,"DEPOT ROAD",0.00,,Y,B,-,Y,,,49,,,,,,,Y,4,0,1,2,A,-,09,21801,,N,D,C,A,A,H,-,A,D,0,,,,,Y,,D,22,0,0,1,0,0,0,0,0,0,"- ","- ",38.368000030517578,-120.79660034179688,AMADOR,UNINCORPORATED,-120.79655456542969,38.368034362792969
90650203,2018,2018-01-29,9295,2018-01-19,0740,014182,,5,1,9,0300,0,1,3,,1,064,"STATE ROUTE 88","FOSTER MEADOW ROAD",2640.00,W,N,B,-,Y,,,88,,,,,,,Y,3,0,1,1,A,-,03,22350,,N,E,I,A,C,G,-,A,A,0,,,,,Y,,A,07,0,1,0,0,0,0,0,0,0,"- ","- ",38.584381103515625,-120.24967956542969,AMADOR,UNINCORPORATED,-120.24967956542969,38.584388732910156
90650217,2018,2018-01-29,9295,2018-01-20,1630,019003,,6,2,9,0300,0,1,3,,1,042,SR-88,"TOYON RD",0.00,,Y,A,-,Y,,,,,,,,,,Y,4,0,1,2,A,-,05,21460,A,N,D,C,A,A,H,-,B,D,0,,,,,Y,,A,08,0,0,1,0,0,0,0,0,0,"- ","- ",38.408370971679688,-120.711181640625,AMADOR,UNINCORPORATED,-120.67823791503906,38.396278381347656
90650724,2018,2018-01-29,9295,2018-01-16,1415,014943,,2,2,9,0300,0,1,3,,1,053,SR-88,"IRISHTOWN RD",20.00,W,N,B,-,Y,,,88,,,,,,,N,4,0,1,2,A,-,03,22350,,N,C,C,A,A,H,-,A,D,0,,,,,Y,,D,22,0,0,1,0,0,0,0,0,0,"- ","- ",38.413639068603516,-120.66011810302734,AMADOR,UNINCORPORATED,-120.66013336181641,38.41357421875
90651132,2018,2018-01-30,9295,2018-01-26,2115,019003,,5,2,9,0300,0,1,3,,1,049,SR-49,"SUTTER IONE RD",383.00,S,N,A,-,Y,,,49,,,,,,,Y,2,0,8,2,A,-,09,21804,A,N,D,C,A,A,H,-,C,D,0,,,,,Y,Y,A,07,2,2,4,0,0,0,0,0,0,"- ","- ",38.398281097412109,-120.81755828857422,AMADOR,UNINCORPORATED,-120.81753540039062,38.398300170898438
90655128,2018,2018-02-05,9295,2018-01-28,1400,016881,,7,2,9,0300,0,2,4,,1,043,"RIDGE ROAD","RUNNING GOLD ROAD",255.00,W,N,A,-,Y,,,,,,,,,,Y,4,0,1,2,A,-,03,22350,,N,C,C,A,A,H,-,A,D,0,,,,,Y,,D,22,0,0,1,0,0,0,0,0,0,"- ","- ",38.387031555175781,-120.77734375,AMADOR,UNINCORPORATED,-120.77712249755859,38.387092590332031
90655134,2018,2018-02-05,9295,2018-02-02,1500,018736,,5,2,9,0300,0,3,5,,2,001,"NEW CHICAGO RD","TURNER RD",5808.00,E,N,A,-,N,,,,,,,,,,Y,4,0,3,1,A,-,03,22350,,N,E,I,A,A,H,-,A,D,0,,,,,Y,,A,01,0,0,3,0,0,0,0,0,0,"- ","- ",38.447738647460938,-120.80608367919922,AMADOR,UNINCORPORATED,-120.80612182617188,38.448051452636719
90655174,2018,2018-02-05,9295,2018-02-03,1620,019158,,6,2,9,0300,0,3,5,,2,003,"CAMANCHE PKY N","LAKEVIEW DR",3960.00,N,N,A,-,N,,,,,,,,,,Y,2,0,1,1,A,-,05,21650,,N,F,A,A,A,H,-,A,D,0,,,Y,,Y,,C,02,1,0,0,0,0,0,0,0,1,"- ","- ",38.243301391601562,-120.97490692138672,AMADOR,UNINCORPORATED,-120.95114898681641,38.242435455322266
90655829,2018,2018-02-06,9295,2018-01-29,2355,016661,,1,3,9,0300,0,1,3,,1,016,SR-16,"WILLOW CREEK RD.",1340.00,W,N,A,-,Y,,,16,,,,,,,Y,3,0,1,1,A,-,03,22350,,N,H,H,A,A,H,-,D,D,0,,,,,Y,,A,07,0,1,0,0,0,0,0,0,0,"- ","- ",38.450168609619141,-120.90207672119141,AMADOR,UNINCORPORATED,-120.90206909179688,38.450210571289062
90660316,2018,2018-02-13,9295,2018-01-31,1704,014943,,3,2,9,0300,0,1,3,,1,031,SR-88,"BLUE SKY DR",0.00,,Y,A,-,Y,,,88,,,,,,,Y,4,0,2,1,A,-,01,23152,A,N,E,I,A,A,H,-,A,D,0,,,,,Y,Y,A,01,0,0,2,0,0,0,0,0,0,"- ","- ",38.343898773193359,-120.86461639404297,AMADOR,UNINCORPORATED,-120.8646240234375,38.344070434570312
90662674,2018,2018-02-15,9295,2018-02-05,1542,018776,,1,2,9,0300,0,1,3,,1,031,SR-88,"BUENA VISTA RD.",0.00,,Y,A,-,Y,,,88,,,,,,,Y,4,0,1,3,A,-,09,21802,A,N,D,C,A,A,H,-,A,A,0,,,,,Y,,D,22,0,0,1,0,0,0,0,0,0,"- ","- ",38.322700500488281,-120.92658233642578,AMADOR,UNINCORPORATED,-120.92658233642578,38.322719573974609
90666400,2018,2018-02-22,9295,2018-01-13,0600,015164,,6,1,9,0300,0,1,3,,1,053,SR-88,"DEW DROP BYP",4224.00,E,N,A,-,Y,,,88,,,,,,,Y,1,2,1,2,A,-,01,23152,G,N,A,C,A,A,H,-,D,D,0,,,,,Y,Y,A,01,1,0,0,0,0,0,0,0,0,"- ","- ",38.513969421386719,-120.46524810791016,AMADOR,UNINCORPORATED,-120.46524810791016,38.513969421386719
90666557,2018,2018-02-22,9295,2018-02-11,2235,016661,,7,3,9,0300,0,1,3,,1,053,SR-88,"TABEAU RD",0.00,,Y,A,-,Y,,,88,,,,,,,Y,3,0,1,1,A,-,05,21650,,N,E,I,A,A,H,-,D,D,0,,,,,Y,,A,01,0,1,0,0,0,0,0,0,0,"- ","- ",38.405529022216797,-120.64565277099609,AMADOR,UNINCORPORATED,-120.64565277099609,38.405513763427734
90669645,2018,2018-02-26,9295,2018-02-18,2225,019229,,7,3,9,0300,0,1,3,,1,053,SR-88,"OMO RANCH RD",528.00,W,N,D,-,Y,,,88,,,,,,,Y,4,0,2,1,A,-,03,22350,,N,E,I,A,C,G,H,D,A,0,,,,,Y,,A,07,0,0,2,0,0,0,0,0,0,"- ","- ",38.520069122314453,-120.45408630371094,AMADOR,UNINCORPORATED,-120.45407104492188,38.520038604736328
90671575,2018,2018-02-28,9295,2018-02-16,0705,014182,,5,1,9,0300,0,1,3,,1,053,"STATE ROUTE 88","SILVER DRIVE",0.00,,Y,A,-,Y,,,88,,,,,,,Y,2,0,2,2,A,-,09,21802,A,N,D,C,A,A,H,-,A,A,0,,,,,Y,,D,22,1,1,0,0,0,0,0,0,0,"- ","- ",38.452110290527344,-120.52860260009766,AMADOR,UNINCORPORATED,-120.52854156494141,38.452152252197266
90672012,2018,2018-02-28,9295,2018-02-23,0918,014408,,5,1,9,0300,0,1,3,,1,042,SR-88,"SUGARLOAF RD",528.00,W,N,A,-,Y,,,88,,,,,,,Y,4,0,1,2,A,-,03,22350,,N,E,I,A,C,H,-,A,D,0,,,,,Y,,D,22,0,0,1,0,0,0,0,0,0,"- ","- ",38.3861083984375,-120.68132019042969,AMADOR,UNINCORPORATED,-120.68131256103516,38.386081695556641
90672171,2018,2018-02-28,9295,2018-02-21,1345,014182,,3,1,9,0300,0,1,3,,1,064,"STATE ROUTE 88","MORMON EMIGRANT TRAIL",4224.00,W,N,B,-,Y,,,88,,,,,,,Y,3,0,2,1,A,-,03,22350,,N,E,I,A,B,B,-,A,D,0,,,,,Y,,A,01,0,2,0,0,0,0,0,0,0,"- ","- ",38.621318817138672,-120.21687316894531,AMADOR,UNINCORPORATED,-120.21686553955078,38.621280670166016
90672545,2018,2018-03-01,9295,2018-02-10,0002,019284,,6,3,9,0300,0,1,3,,1,016,SR-16,"WILLOW CREEK ROAD",0.00,,Y,A,-,Y,,,,,,,,,,Y,2,0,2,2,A,-,09,21802,A,N,D,C,A,A,H,-,D,A,0,,,Y,,Y,,D,22,2,0,0,0,0,0,0,0,2,"- ","- ",37.449680328369141,-120.89820861816406,AMADOR,UNINCORPORATED,-120.8980712890625,38.449748992919922
90672824,2018,2018-03-01,9295,2018-02-22,1850,016881,,4,2,9,0300,0,3,5,,2,005,"INSPIRATION DRIVE EAST","LIVE OAK ROAD",1320.00,S,N,D,-,N,,,,,,,,,,Y,2,0,1,3,A,-,03,22350,,F,E,I,E,C,H,-,D,D,0,Y,,,,Y,,D,22,1,0,0,0,1,0,0,0,0,"- ","- ",38.494228363037109,-120.5145263671875,AMADOR,UNINCORPORATED,-120.52372741699219,38.492458343505859
90673986,2018,2018-03-02,9295,2018-03-02,0305,019229,,5,3,9,0300,0,3,5,,2,004,"NEW YORK RANCH RD","CHINA GRAVEYARD RD",1800.00,N,N,C,-,N,,,,,,,,,,Y,4,0,1,1,A,-,08,22107,,N,E,I,A,B,H,-,D,D,0,,,,,Y,,A,01,0,0,1,0,0,0,0,0,0,"- ","- ",38.343109130859375,-120.76352691650391,AMADOR,UNINCORPORATED,-120.76125335693359,38.371128082275391
90675008,2018,2018-03-05,9295,2018-02-15,2500,018776,,4,4,9,0300,0,1,3,,1,053,"SR-88 E/B","MACE DR",500.00,E,N,A,-,Y,,,88,,,,,,E,Y,2,0,1,1,A,-,08,22107,,N,E,I,A,A,H,-,A,A,0,,,,,Y,,A,07,1,0,0,0,0,0,0,0,0,"- ","- ",38.467220306396484,-120.52741241455078,AMADOR,UNINCORPORATED,-120.52739715576172,38.467227935791016
90676728,2018,2018-03-07,9295,2018-03-05,2355,015691,,1,3,9,0300,0,1,3,,1,031,SR-88,"MARTIN LANE",1424.00,W,N,A,-,Y,,,88,,,,,,,Y,4,0,1,1,A,-,01,23152,A,N,E,I,A,A,H,-,D,D,0,,,,,Y,Y,A,01,0,0,1,0,0,0,0,0,0,"- ","- ",38.312629699707031,-120.94802856445312,AMADOR,UNINCORPORATED,-120.94803619384766,38.312652587890625
90679917,2018,2018-03-12,9295,2018-03-07,1840,016881,,3,2,9,0300,0,1,3,,1,031,"SR-88 W/B","MARTELL ROAD",0.00,,Y,A,-,Y,,,88,,,,,,W,N,3,0,1,2,A,-,09,21801,A,F,D,C,A,A,H,-,C,D,0,,,Y,,Y,,-,99,0,1,0,0,0,0,0,0,1,"- ","- ",38.365100860595703,-120.79878997802734,AMADOR,UNINCORPORATED,-120.79878234863281,38.365070343017578
90682683,2018,2018-03-15,9295,2018-02-20,1225,014408,,2,1,9,0300,0,3,5,,2,001,"SUTTER - IONE ROAD","VINTAGE DR",26.00,W,N,A,-,N,,,,,,,,,,Y,1,1,0,1,A,-,13,22515,A,N,G,B,A,A,H,-,A,D,0,,,,,Y,,D,23,0,0,0,0,0,0,0,0,0,"- ","- ",38.376300811767578,-120.88233947753906,AMADOR,UNINCORPORATED,-120.88220977783203,38.376243591308594
9068451,2020,2020-09-25,0303,2020-04-15,1232,B0073,,3,5,2,0303,0,0,0,,0,JKC,"RT 49","FRENCH BAR RD",320.00,N,N,A,-,Y,AMA,10,49,-,-,3.680,H,-,S,Y,3,0,2,2,A,-,09,21804,A,N,B,C,A,A,H,-,A,D,0,,,,,Y,,A,08,0,2,0,0,0,0,0,0,0,"- ","- ",,,AMADOR,JACKSON,-120.76815795898438,38.34344482421875