CASE_ID,ACCIDENT_YEAR,PROC_DATE,JURIS,COLLISION_DATE,COLLISION_TIME,OFFICER_ID,REPORTING_DISTRICT,DAY_OF_WEEK,CHP_SHIFT,POPULATION,CNTY_CITY_LOC,SPECIAL_COND,BEAT_TYPE,CHP_BEAT_TYPE,CITY_DIVISION_LAPD,CHP_BEAT_CLASS,BEAT_NUMBER,PRIMARY_RD,SECONDARY_RD,DISTANCE,DIRECTION,INTERSECTION,WEATHER_1,WEATHER_2,STATE_HWY_IND,CALTRANS_COUNTY,CALTRANS_DISTRICT,STATE_ROUTE,ROUTE_SUFFIX,POSTMILE_PREFIX,POSTMILE,LOCATION_TYPE,RAMP_INTERSECTION,SIDE_OF_HWY,TOW_AWAY,COLLISION_SEVERITY,NUMBER_KILLED,NUMBER_INJURED,PARTY_COUNT,PRIMARY_COLL_FACTOR,PCF_CODE_OF_VIOL,PCF_VIOL_CATEGORY,PCF_VIOLATION,PCF_VIOL_SUBSECTION,HIT_AND_RUN,TYPE_OF_COLLISION,MVIW,PED_ACTION,ROAD_SURFACE,ROAD_COND_1,ROAD_COND_2,LIGHTING,CONTROL_DEVICE,CHP_ROAD_TYPE,PEDESTRIAN_ACCIDENT,BICYCLE_ACCIDENT,MOTORCYCLE_ACCIDENT,TRUCK_ACCIDENT,NOT_PRIVATE_PROPERTY,ALCOHOL_INVOLVED,STWD_VEHTYPE_AT_FAULT,CHP_VEHTYPE_AT_FAULT,COUNT_SEVERE_INJ,COUNT_VISIBLE_INJ,COUNT_COMPLAINT_PAIN,COUNT_PED_KILLED,COUNT_PED_INJURED,COUNT_BICYCLIST_KILLED,COUNT_BICYCLIST_INJURED,COUNT_MC_KILLED,COUNT_MC_INJURED,PRIMARY_RAMP,SECONDARY_RAMP,LATITUDE,LONGITUDE,COUNTY,CITY,POINT_X,POINT_Y
90928832,2019,2019-02-19,9295,2019-02-15,1405,019389,,5,2,9,0300,0,2,4,,2,012,"SHENANDOAH RD","PINE TRL",2112.00,W,N,C,-,N,,,,,,,,,,Y,4,0,1,1,A,-,03,22350,,N,E,I,A,B,H,-,A,D,0,,,,,Y,,A,01,0,0,1,0,0,0,0,0,0,"- ","- ",38.540031433105469,-120.74669647216797,AMADOR,UNINCORPORATED,-120.73915100097656,38.546253204345703
90930914,2019,2019-02-21,9295,2019-02-18,0745,014943,,1,1,9,0300,0,2,4,,1,044,"RIDGE RD","HAMRICKS GRADE",1320.00,E,N,A,-,N,,,,,,,,,,Y,4,0,1,1,A,-,03,22350,,N,E,I,A,C,H,-,A,D,0,,,,,Y,,D,23,0,0,1,0,0,0,0,0,0,"- ","- ",38.398220062255859,-120.7425537109375,AMADOR,UNINCORPORATED,-120.74889373779297,38.400932312011719
90931881,2019,2019-02-22,9295,2019-02-16,1300,019389,,6,1,9,0300,0,2,4,,2,012,"SHENANDOAH RD","DICKSON RD",740.00,W,N,B,-,N,,,,,,,,,,Y,2,0,1,1,A,-,08,22107,,N,E,I,A,B,H,-,A,D,0,,,,,Y,,D,22,1,0,0,0,0,0,0,0,0,"- ","- ",38.519298553466797,-120.82138061523438,AMADOR,UNINCORPORATED,-120.82143402099609,38.519248962402344
90932013,2019,2019-02-22,9295,2019-02-11,1140,016540,,1,1,9,0300,0,1,3,,1,016,SR-16,SR-124,0.00,,Y,A,-,Y,,,16,,,,,,,Y,3,0,2,2,A,-,09,21801,A,N,D,C,A,A,H,-,A,D,0,,,,,Y,,D,22,0,2,0,0,0,0,0,0,0,"- ","- ",38.453811645507812,-120.87267303466797,AMADOR,UNINCORPORATED,-120.8726806640625,38.453834533691406
90932328,2019,2019-02-22,9295,2019-02-21,1530,019229,,4,2,9,0300,0,1,3,,1,064,SR-88,"CAT CREEK",3168.00,E,N,A,-,Y,,,88,,,,,,,Y,3,0,1,1,A,-,05,21650,,N,E,I,A,C,H,-,A,D,0,,,,,Y,,A,01,0,1,0,0,0,0,0,0,0,"- ","- ",38.547279357910156,-120.35691070556641,AMADOR,UNINCORPORATED,-120.35688781738281,38.54718017578125
90934565,2019,2019-02-26,9295,2019-02-15,1345,019284,,5,1,9,0300,0,3,5,,2,004,"SHAKE RIDGE RD","HALE RD",2482.00,W,N,D,-,N,,,,,,,,,,Y,3,0,1,2,A,-,03,22350,,N,A,C,A,C,H,-,A,D,0,,,,,Y,,A,07,0,1,0,0,0,0,0,0,0,"- ","- ",38.455448150634766,-120.66443634033203,AMADOR,UNINCORPORATED,-120.66449737548828,38.455402374267578
90938675,2019,2019-03-04,9295,2019-02-24,0520,014579,,7,3,9,0300,0,1,3,,1,016,"SR-16 E/B TO SR-49 S/B",SR-16,200.00,S,N,B,-,Y,,,16,,,,R,,E,Y,3,0,1,1,A,-,01,23152,A,N,E,I,A,A,H,-,C,A,0,,,,,Y,Y,A,01,0,1,0,0,0,0,0,0,0,"- ","- ",38.454311370849609,-120.86786651611328,AMADOR,UNINCORPORATED,-120.86786651611328,38.454311370849609
90947923,2019,2019-03-18,9295,2019-03-15,1610,019003,,5,2,9,0300,0,3,5,,2,005,"SHAKE RIDGE RD","PONDEROSA WAY",50.00,E,N,A,-,N,,,,,,,,,,Y,3,0,1,1,A,-,05,21650,,N,E,I,A,A,H,-,A,D,0,,,,,Y,,D,22,0,1,0,0,0,0,0,0,0,"- ","- ",38.477020263671875,-120.62660217285156,AMADOR,UNINCORPORATED,-120.62667083740234,38.476917266845703
90948278,2019,2019-03-18,9295,2019-03-16,1520,019003,,6,2,9,0300,0,1,3,,1,064,SR-88,"KIRKWOOD MEADOWS DR",0.00,,Y,A,-,Y,,,88,,,,,,,Y,3,0,1,2,A,-,09,21802,A,N,D,C,A,A,H,-,A,A,0,,,,,Y,,A,07,0,1,0,0,0,0,0,0,0,"- ","- ",38.700691223144531,-120.07743072509766,AMADOR,UNINCORPORATED,-120.07743835449219,38.700714111328125
90948764,2019,2019-03-19,9295,2019-03-18,1440,019229,,1,2,9,0300,0,3,5,,2,005,"PINE GROVE VOLCANO RD","PIONEER VOLCANO ROAD",45.00,S,N,A,-,N,,,,,,,,,,Y,4,0,1,2,A,-,21,22106,,N,C,C,A,A,H,-,A,D,0,,,,,Y,,A,01,0,0,1,0,0,0,0,0,0,"- ","- ",38.436008453369141,-120.62838745117188,AMADOR,UNINCORPORATED,-120.62888336181641,38.436126708984375
90951082,2019,2019-03-21,9295,2019-03-13,0700,014943,,3,1,9,0300,0,3,5,,2,001,"FIDDLETOWN RD","BURKE DR",2640.00,N,N,A,-,N,,,,,,,,,,Y,4,0,2,2,A,-,05,21460,A,N,A,C,A,A,H,-,D,D,0,,,,,Y,,A,01,0,0,2,0,0,0,0,0,0,"- ","- ",38.482509613037109,-120.81922149658203,AMADOR,UNINCORPORATED,-120.82946014404297,38.482521057128906
90951532,2019,2019-03-22,9295,2019-03-21,1225,014182,,4,1,9,0300,0,3,5,,2,005,"SHAKE RIDGE RD","ALLAN RD",528.00,W,N,A,-,N,,,,,,,,,,Y,3,0,1,1,A,-,03,22350,,N,E,I,A,A,H,-,A,D,0,,,,,Y,,A,01,0,1,0,0,0,0,0,0,0,"- ","- ",38.482608795166016,-120.61261749267578,AMADOR,UNINCORPORATED,-120.6160888671875,38.481746673583984
90951568,2019,2019-03-22,9295,2019-03-21,1110,019158,,4,1,9,0300,0,1,3,,1,013,SR-49,"BELL RD",5280.00,S,N,A,-,Y,,,49,,,,,,,Y,3,0,1,1,A,-,05,21650,,N,E,I,A,A,H,-,A,D,0,,,,,Y,,A,01,0,1,0,0,0,0,0,0,0,"- ","- ",38.523731231689453,-120.84716796875,AMADOR,UNINCORPORATED,-120.84740447998047,38.523735046386719
90952397,2019,2019-03-25,9295,2019-03-22,1320,019158,,5,1,9,0300,0,1,3,,1,049,SR-49,"JACKSON GATE ROAD",500.00,N,N,B,-,Y,,,49,,,,,,,Y,4,0,1,2,A,-,03,22350,,N,C,C,A,A,H,-,A,D,0,,,,,Y,,D,22,0,0,1,0,0,0,0,0,0,"- ","- ",38.368438720703125,-120.79692077636719,AMADOR,UNINCORPORATED,-120.79689025878906,38.368465423583984
90958742,2019,2019-04-02,9295,2019-03-27,1740,018304,,3,2,9,0300,0,1,3,,1,049,SR-49,SR-16,2112.00,S,N,B,-,Y,,,49,,,,,,,Y,3,0,1,1,A,-,05,21650,,N,E,I,A,B,H,-,A,D,0,,,,,Y,,A,01,0,1,0,0,0,0,0,0,0,"- ","- ",38.449508666992188,-120.86386108398438,AMADOR,UNINCORPORATED,-120.86377716064453,38.449573516845703
90963129,2019,2019-04-08,9295,2019-04-06,0925,016881,,6,1,9,0300,0,3,5,,2,002,"INDUSTRY BOULEVARD",SR-49,0.00,,Y,B,-,Y,,,,,,,,,,N,4,0,1,2,A,-,03,22350,,N,C,C,A,A,H,-,A,A,0,,,,,Y,,A,07,0,0,1,0,0,0,0,0,0,"- ","- ",38.376419067382812,-120.79846954345703,AMADOR,UNINCORPORATED,-120.79853057861328,38.370548248291016
90965818,2019,2019-04-11,9295,2019-04-08,2500,014943,,1,4,9,0300,0,3,5,,2,003,"JACKSON VALLEY RD","BUENA VISTA RD",1584.00,E,N,B,-,N,,,,,,,,,,Y,3,0,1,1,A,-,05,21650,,N,E,I,A,A,H,-,D,D,0,,,,,Y,,A,01,0,1,0,0,0,0,0,0,0,"- ","- ",38.295478820800781,-120.90585327148438,AMADOR,UNINCORPORATED,-120.90802001953125,38.29486083984375
90968460,2019,2019-04-16,9295,2019-04-07,1842,019389,,7,2,9,0300,0,2,4,,1,043,"RIDGE RD","HAMRICKS GRADE",2640.00,W,N,A,-,N,,,,,,,,,,Y,4,0,2,2,A,-,01,23152,A,N,C,C,A,A,H,-,A,D,0,,,,,Y,Y,D,22,0,0,2,0,0,0,0,0,0,"- ","- ",38.395801544189453,-120.75950622558594,AMADOR,UNINCORPORATED,-120.75981903076172,38.395622253417969
90968593,2019,2019-04-16,9295,2019-04-13,0615,019158,,6,1,9,0300,0,1,3,,1,053,SR-88,"AQUEDUCT GROVE ROAD",1584.00,E,N,A,-,Y,,,88,,,,,,,Y,4,0,1,1,A,-,05,21650,,N,E,I,A,A,H,-,B,D,0,,,,,Y,,A,01,0,0,1,0,0,0,0,0,0,"- ","- ",38.400398254394531,-120.62846374511719,AMADOR,UNINCORPORATED,-120.62847900390625,38.400466918945312
90972073,2019,2019-04-22,9295,2019-04-16,1955,019229,,2,2,9,0300,0,2,4,,1,044,"RIDGE RD","RIDGEVIEW DR",100.00,W,N,A,-,N,,,,,,,,,,Y,4,0,2,2,A,-,03,22350,,N,C,C,A,A,H,-,D,D,0,,,,,Y,,A,01,0,0,2,0,0,0,0,0,0,"- ","- ",38.398490905761719,-120.73879241943359,AMADOR,UNINCORPORATED,-120.73752593994141,38.39886474609375
90972141,2019,2019-04-22,9295,2019-04-17,1900,019003,,3,2,9,0300,0,1,3,,1,042,SR-88,"PREVITALI RD",1056.00,W,N,A,-,Y,,,88,,,,,,,Y,3,0,1,1,A,-,00,23512,A,N,E,I,A,A,H,-,A,D,0,,,,,Y,Y,A,01,0,1,0,0,0,0,0,0,0,"- ","- ",38.363929748535156,-120.72133636474609,AMADOR,UNINCORPORATED,-120.7213134765625,38.3638916015625
90974910,2019,2019-04-25,9295,2019-04-23,0100,014408,,2,3,9,0300,0,1,3,,2,055,SR-26,"CALAVERAS CO. LINE",2640.00,W,N,A,-,Y,,,26,,,,,,,Y,3,0,2,1,A,-,05,21650,,N,E,I,A,A,H,-,D,D,0,,,,,Y,Y,D,22,0,1,1,0,0,0,0,0,0,"- ","- ",38.419651031494141,-120.55941009521484,AMADOR,UNINCORPORATED,-120.55947875976562,38.418937683105469
90977891,2019,2019-04-29,9295,2019-04-25,1335,014943,,4,1,9,0300,0,1,3,,1,053,SR-88,"COLUMBIA DR",528.00,E,N,A,-,Y,,,88,,,,,,,Y,4,0,1,1,A,-,05,21650,,N,E,J,A,A,H,-,A,D,0,,,Y,,Y,,C,02,0,0,1,0,0,0,0,0,1,"- ","- ",38.459278106689453,-120.52954864501953,AMADOR,UNINCORPORATED,-120.52951049804688,38.459434509277344
90979066,2019,2019-04-30,9295,2019-04-26,1945,019389,,5,2,9,0300,0,1,3,,1,049,SR-49,"ELECTRA RD",2112.00,N,N,A,-,Y,,,49,,,,,,,Y,4,0,1,1,A,-,01,23152,A,N,E,I,A,A,H,-,B,D,0,,,,,Y,Y,E,22,0,0,1,0,0,0,0,0,0,"- ","- ",38.318988800048828,-120.7252197265625,AMADOR,UNINCORPORATED,-120.72513580322266,38.318988800048828
9097913,2020,2020-09-22,0303,2020-02-06,1330,X8255,JKC,4,5,2,0303,0,0,0,,0,JKC,"RT 88","PG & E POLE #R401",102.00,E,N,A,-,Y,AMA,10,88,-,-,14.900,H,-,E,Y,3,0,1,2,A,-,09,21804,A,N,D,C,A,A,H,-,A,A,0,,,,,Y,,A,01,0,1,0,0,0,0,0,0,0,"- ","- ",38.352828979492188,-120.76513671875,AMADOR,JACKSON,-120.76528167724609,38.352733612060547
90979562,2019,2019-05-01,9295,2019-04-23,0630,014943,,2,1,9,0300,0,2,4,,2,012,"SHENANDOAH RD","OSTROM RD",2640.00,N,N,A,-,N,,,,,,,,,,Y,3,0,1,1,A,-,08,22107,,N,E,I,A,A,H,-,A,D,0,,,,,Y,,A,07,0,1,0,0,0,0,0,0,0,"- ","- ",38.533821105957031,-120.74913024902344,AMADOR,UNINCORPORATED,-120.75661468505859,38.533504486083984
90979656,2019,2019-05-01,9295,2019-04-30,1530,019229,,2,2,9,0300,0,1,3,,1,053,SR-88,"CARSON DR",2112.00,W,N,A,-,Y,,,88,,,,,,,Y,3,0,1,1,A,-,05,21650,,N,E,I,A,A,H,-,A,D,0,,,,,Y,,A,07,0,1,0,0,0,0,0,0,0,"- ","- ",38.428691864013672,-120.58345794677734,AMADOR,UNINCORPORATED,-120.58347320556641,38.428718566894531
90983306,2019,2019-05-07,9295,2019-05-05,1445,019389,,7,2,9,0300,0,3,5,,2,004,"SHAKE RIDGE RD","PONDEROSA ANNEX RD",1056.00,E,N,B,-,N,,,,,,,,,,Y,3,0,1,1,A,-,08,22107,,N,E,I,A,A,H,-,A,A,0,,,,,Y,,D,22,0,1,0,0,0,0,0,0,0,"- ","- ",38.447650909423828,-120.68038177490234,AMADOR,UNINCORPORATED,-120.68041229248047,38.447681427001953
90983858,2019,2019-05-16,9295,2019-04-30,1415,014943,,2,2,9,0300,0,2,4,,1,044,"RIDGE RD","RIDGEVIEW DR",1056.00,W,N,B,-,N,,,,,,,,,,Y,3,0,1,3,A,-,05,21460,A,N,B,C,A,A,H,-,A,D,0,,,,,Y,,A,07,0,1,0,0,0,0,0,0,0,"- ","- ",38.397968292236328,-120.74233245849609,AMADOR,UNINCORPORATED,-120.74067687988281,38.398021697998047
90985355,2019,2019-07-01,9295,2019-04-01,0805,014943,,1,1,9,0300,0,2,4,,1,045,"RIDGE RD","CLIMAX RD",528.00,E,N,B,-,N,,,,,,,,,,Y,1,1,0,2,A,-,05,21460,A,N,A,C,A,A,H,-,A,D,0,,,,,Y,,D,22,0,0,0,0,0,0,0,0,0,"- ","- ",38.409870147705078,-120.70925140380859,AMADOR,UNINCORPORATED,-120.71698760986328,38.404510498046875
90987194,2019,2019-05-13,9295,2019-05-07,1420,019389,,2,2,9,0300,0,1,3,,1,042,SR-88,"CLIMAX RD",2112.00,W,N,A,-,Y,,,88,,,,,,,N,3,0,1,2,A,-,08,22107,,N,B,C,A,A,H,-,A,D,0,,,,,Y,,A,07,0,1,0,0,0,0,0,0,0,"- ","- ",38.401390075683594,-120.67452239990234,AMADOR,UNINCORPORATED,-120.6744384765625,38.401317596435547
90988498,2019,2019-05-14,9295,2019-05-12,1750,019389,,7,2,9,0300,0,3,5,,2,004,"ELECTRA RD",SR-49,5280.00,E,N,A,-,N,,,,,,,,,,Y,3,0,2,1,A,-,08,22107,,N,E,I,A,A,H,-,A,D,0,,,,,Y,,D,22,0,2,0,0,0,0,0,0,0,"- ","- ",38.317508697509766,-120.70178985595703,AMADOR,UNINCORPORATED,-120.70393371582031,38.31689453125
90988909,2019,2019-05-15,9295,2019-05-12,2010,019389,,7,2,9,0300,0,3,5,,2,003,"CAMANCHE PKY N","QUIVER DR",210.00,W,N,A,-,N,,,,,,,,,,Y,3,0,2,1,A,-,01,23152,A,N,E,I,A,A,H,-,B,D,0,,,,,Y,Y,A,01,0,2,0,0,0,0,0,0,0,"- ","- ",38.24468994140625,-120.95144653320312,AMADOR,UNINCORPORATED,-120.95137786865234,38.244754791259766
90990290,2019,2019-05-16,9295,2019-05-04,0245,014579,,6,3,9,0300,0,3,5,,2,003,"COAL MINE ROAD","BUENA VISTA ROAD",30.00,E,N,A,-,N,,,,,,,,,,Y,4,0,1,1,A,-,03,22350,,N,E,I,A,A,H,-,D,A,0,,,,,Y,,A,01,0,0,1,0,0,0,0,0,0,"- ","- ",38.287288665771484,-120.91145324707031,AMADOR,UNINCORPORATED,-120.91158294677734,38.287189483642578
90992823,2019,2019-05-21,9295,2019-05-17,1130,019158,,5,1,9,0300,0,1,3,,1,064,SR-88,"PLASSE RD",2112.00,W,N,A,-,Y,,,88,,,,,,,Y,4,0,1,1,A,-,05,21650,,N,E,I,A,A,H,-,A,D,0,,,,,Y,,D,22,0,0,1,0,0,0,0,0,0,"- ","- ",38.64434814453125,-120.13532257080078,AMADOR,UNINCORPORATED,-120.13527679443359,38.644332885742188
90995787,2019,2019-05-24,9295,2019-05-14,1520,018304,,2,2,9,0300,0,1,3,,1,016,SR-16,"OLD SACRAMENTO RD",5.00,E,N,A,-,Y,,,16,,,,,,,Y,2,0,2,2,A,-,05,21752,D,N,A,C,A,A,H,-,A,D,0,,,,,Y,Y,A,01,2,0,0,0,0,0,0,0,0,"- ","- ",38.4627685546875,-120.94422912597656,AMADOR,UNINCORPORATED,-120.94422912597656,38.462810516357422
90997976,2019,2019-05-29,9295,2019-05-20,2337,014408,,1,3,9,0300,0,3,5,,2,003,"COAL MINE ROAD","BUENA VISTA ROAD",0.00,,Y,A,-,N,,,,,,,,,,Y,2,0,2,1,A,-,12,22450,A,N,E,I,A,A,H,-,D,A,0,,,,,Y,,A,01,1,1,0,0,0,0,0,0,0,"- ","- ",38.287670135498047,-120.91107940673828,AMADOR,UNINCORPORATED,-120.91158294677734,38.287189483642578
90998251,2019,2019-05-29,9295,2019-05-21,1105,014943,,2,1,9,0300,0,1,3,,2,024,SR-124,SR-16,0.00,,Y,A,-,Y,,,,,,,,,,Y,3,0,1,2,A,-,09,21802,A,N,D,C,A,A,H,-,A,A,0,,,,,Y,,A,01,0,1,0,0,0,0,0,0,0,"- ","- ",38.365119934082031,-120.79467010498047,AMADOR,UNINCORPORATED,-120.87265777587891,38.453849792480469
90999080,2019,2019-05-30,9295,2019-05-12,0015,014579,,7,3,9,0300,0,3,5,,2,002,"SUTTER CREEK IONE ROAD",SR-49,9504.00,W,N,A,-,N,,,,,,,,,,Y,2,0,3,1,A,-,05,21650,,N,F,A,A,A,H,-,A,D,0,,,,,Y,,A,01,1,1,1,0,0,0,0,0,0,"- ","- ",38.394580841064453,-120.84644317626953,AMADOR,UNINCORPORATED,-120.84618377685547,38.394657135009766
90999121,2019,2019-05-30,9295,2019-05-25,1503,019389,,6,2,9,0300,0,1,3,,1,016,SR-16,SR-124,0.00,,Y,A,-,Y,,,16,,,,,,,Y,3,0,1,3,A,-,09,21801,A,N,D,C,A,A,H,-,A,A,0,,,,,Y,,D,22,0,1,0,0,0,0,0,0,0,"- ","- ",38.453750610351562,-120.87271881103516,AMADOR,UNINCORPORATED,-120.87274169921875,38.453815460205078
90999559,2019,2019-05-30,9295,2019-05-23,1430,018304,,4,2,9,0300,0,3,5,,2,002,"INDUSTRY BLVD","PROSPECT DR",0.00,,Y,B,-,N,,,,,,,,,,Y,4,0,1,2,A,-,09,21800,A,N,D,C,A,A,H,-,A,A,0,,,,,Y,,D,22,0,0,1,0,0,0,0,0,0,"- ","- ",38.369808197021484,-120.80049133300781,AMADOR,UNINCORPORATED,-120.80049896240234,38.369819641113281
91002024,2019,2019-06-03,9295,2019-05-23,2126,019003,,4,2,9,0300,0,1,3,,1,031,SR-88,"BUENA VISTA RD",300.00,W,N,A,-,Y,,,88,,,,,,,Y,4,0,5,2,A,-,09,21804,A,N,D,C,A,A,D,-,C,D,0,,,,,Y,Y,A,08,0,0,5,0,0,0,0,0,0,"- ","- ",38.322410583496094,-120.92814636230469,AMADOR,UNINCORPORATED,-120.92815399169922,38.322452545166016
91002119,2019,2019-06-03,9295,2019-05-23,0851,014943,,4,1,9,0300,0,1,3,,1,049,SR-49,"MIDDLE BAR RD",2640.00,S,N,A,-,Y,,,49,,,,,,,Y,2,0,3,2,A,-,05,21460,A,N,A,C,A,A,H,-,A,D,0,,,,,Y,,A,01,2,1,0,0,0,0,0,0,0,"- ","- ",38.321998596191406,-120.72711181640625,AMADOR,UNINCORPORATED,-120.72711181640625,38.321979522705078
91002947,2019,2019-06-04,9295,2019-05-29,0815,014943,,3,1,9,0300,0,1,3,,1,049,SR-49,"ARGONAUT LN",102.00,N,N,A,-,Y,,,49,,,,,,,Y,4,0,2,1,C,-,18,,,N,E,I,A,A,H,-,A,D,0,,,,,Y,,-,"- ",0,0,2,0,0,0,0,0,0,"- ","- ",38.365570068359375,-120.78925323486328,AMADOR,UNINCORPORATED,-120.78926086425781,38.365695953369141
91003007,2019,2019-06-04,9295,2019-06-01,1755,019387,,6,2,9,0300,0,3,5,,2,002,"SUTTER IONE ROAD",SR-49,6864.00,W,N,A,-,N,,,,,,,,,,Y,2,0,2,1,A,-,01,23152,A,N,E,I,A,A,H,-,A,D,0,,,,,Y,Y,D,22,2,0,0,0,0,0,0,0,0,"- ","- ",38.399761199951172,-120.84358215332031,AMADOR,UNINCORPORATED,-120.84157562255859,38.399936676025391
91012724,2019,2019-06-18,9295,2019-06-16,1230,016881,,7,1,9,0300,0,3,5,,2,002,"IRISH HILL ROAD","IRISH RIDGE ROAD",6336.00,S,N,A,-,N,,,,,,,,,,Y,3,0,1,1,A,-,08,22107,,N,F,A,A,A,H,-,A,D,0,,,Y,,Y,,C,02,0,1,0,0,0,0,0,0,1,"- ","- ",38.395408630371094,-120.96425628662109,AMADOR,UNINCORPORATED,-120.9576416015625,38.399383544921875
91016914,2019,2019-06-25,9295,2019-06-16,1741,019387,,7,2,9,0300,0,1,3,,1,053,SR-88,"MARILYN LN",315.00,W,N,A,-,Y,,,,,,,,,,Y,2,0,1,1,A,-,01,23152,A,N,E,I,A,A,H,-,A,D,0,,,,,Y,Y,A,07,1,0,0,0,0,0,0,0,0,"- ","- ",38.428600311279297,-120.60070037841797,AMADOR,UNINCORPORATED,-120.60057067871094,38.420753479003906
91017089,2019,2019-06-25,9295,2019-06-10,1545,019389,,1,2,9,0300,0,1,3,,1,049,SR-49,"SANDRA RD",528.00,S,N,A,-,Y,,,49,,,,,,,Y,1,1,4,2,A,-,05,21460,A,N,A,C,A,A,H,-,A,D,0,,,,,Y,,A,07,4,0,0,0,0,0,0,0,0,"- ","- ",38.322551727294922,-120.72940826416016,AMADOR,UNINCORPORATED,-120.72938537597656,38.322578430175781
91017518,2019,2019-06-25,9295,2019-06-11,0945,019336,,2,1,9,0300,0,1,3,,2,024,SR-124,"WILLOW CREEK ROAD",1000.00,S,N,A,-,Y,,,124,,,,,,,Y,2,0,4,2,A,-,08,22107,,N,C,E,A,A,H,-,A,D,0,,,,,Y,,D,22,2,1,1,0,0,0,0,0,0,"- ","- ",38.387710571289062,-120.90753173828125,AMADOR,UNINCORPORATED,-120.90758514404297,38.387725830078125
91018959,2019,2019-06-27,9295,2019-06-21,1338,014408,,5,1,9,0300,0,3,5,,2,003,"BUENA VISTA  RD","COAL  MINE RD",6864.00,S,N,A,-,N,,,,,,,,,,Y,2,0,1,2,A,-,09,21804,A,N,D,C,A,A,H,-,A,D,0,,,Y,,Y,,C,02,1,0,0,0,0,0,0,0,1,"- ","- ",38.278091430664062,-120.8909912109375,AMADOR,UNINCORPORATED,-120.89098358154297,38.278125762939453
91021858,2018,2020-03-13,9295,2018-08-29,2500,016994,,3,4,9,0300,0,1,3,,1,016,SR-16,"MORIAH HEIGHTS RD",1056.00,E,N,A,-,Y,,,,,,,,,,Y,1,1,0,1,A,-,08,22107,,N,E,I,A,A,H,-,A,D,0,,,,,Y,,A,01,0,0,0,0,0,0,0,0,0,"- ","- ",38.483619689941406,-120.00991058349609,AMADOR,UNINCORPORATED,-121.01180267333984,38.483154296875
91022101,2019,2019-07-01,9295,2019-06-25,1718,019389,,2,2,9,0300,0,1,3,,1,053,SR-88,"BUCKHORN RIDGE RD",1056.00,W,N,A,-,Y,,,88,,,,,,,Y,3,0,3,2,A,-,08,22107,,N,A,C,A,A,H,-,A,D,0,,,,,Y,,A,01,0,2,1,0,0,0,0,0,0,"- ","- ",38.442218780517578,-120.54116821289062,AMADOR,UNINCORPORATED,-120.54124450683594,38.442314147949219
91024808,2019,2019-07-05,9295,2019-07-02,2315,016994,,2,3,9,0300,0,3,5,,2,004,"SHAKE RIDGE RD","MAGGIE LANE",528.00,W,N,A,-,N,,,,,,,,,,Y,4,0,2,1,A,-,08,22107,,N,E,I,A,A,H,-,D,D,0,,,,,Y,Y,A,01,0,0,2,0,0,0,0,0,0,"- ","- ",38.414600372314453,-120.76885223388672,AMADOR,UNINCORPORATED,,
91026529,2019,2019-07-08,9295,2019-07-02,1522,018684,,2,2,9,0300,0,1,3,,2,055,SR-26,"ROCKY LN",100.00,S,N,A,-,Y,,,26,,,,,,,Y,4,0,1,1,A,-,01,23152,A,N,E,I,A,A,H,-,A,D,0,,,,,Y,Y,D,22,0,0,1,0,0,0,0,0,0,"- ","- ",38.418369293212891,-120.59990692138672,AMADOR,UNINCORPORATED,-120.59980773925781,38.418228149414062
91026558,2019,2019-07-08,9295,2019-06-18,2155,015691,,2,2,9,0300,0,3,5,,2,003,"N. CAMANCHE PARKWAY","LAKEVIEW DRIVE WEST",5069.00,W,N,A,-,N,,,,,,,,,,Y,4,0,1,2,A,-,05,21460,A,N,B,C,A,A,H,-,D,D,0,,,,,Y,,A,07,0,0,1,0,0,0,0,0,0,"- ","- ",38.243148803710938,-120.97828674316406,AMADOR,UNINCORPORATED,-120.97830200195312,38.243160247802734
91026988,2019,2019-07-09,9295,2019-06-25,1105,014943,,2,1,9,0300,0,1,3,,1,049,SR-49,SR-16,3168.00,S,N,A,-,Y,,,49,,,,,,,Y,1,1,0,1,A,-,08,22107,,N,F,A,A,A,H,-,A,D,0,,,,,Y,,A,01,0,0,0,0,0,0,0,0,0,"- ","- ",38.449138641357422,-120.86244964599609,AMADOR,UNINCORPORATED,-120.86312103271484,38.448657989501953
91027101,2019,2019-07-09,9295,2019-05-03,1240,014943,,5,1,9,0300,0,1,3,,1,064,SR-88,"BEAR RIVER RD",3696.00,E,N,B,-,Y,,,88,,,,,,,Y,1,1,0,1,A,-,01,23152,G,N,E,I,A,A,H,-,A,D,0,,,,,Y,Y,A,01,0,0,0,0,0,0,0,0,0,"- ","- ",38.560890197753906,-120.26747894287109,AMADOR,UNINCORPORATED,-120.26747131347656,38.560939788818359