CASE_ID,ACCIDENT_YEAR,PROC_DATE,JURIS,COLLISION_DATE,COLLISION_TIME,OFFICER_ID,REPORTING_DISTRICT,DAY_OF_WEEK,CHP_SHIFT,POPULATION,CNTY_CITY_LOC,SPECIAL_COND,BEAT_TYPE,CHP_BEAT_TYPE,CITY_DIVISION_LAPD,CHP_BEAT_CLASS,BEAT_NUMBER,PRIMARY_RD,SECONDARY_RD,DISTANCE,DIRECTION,INTERSECTION,WEATHER_1,WEATHER_2,STATE_HWY_IND,CALTRANS_COUNTY,CALTRANS_DISTRICT,STATE_ROUTE,ROUTE_SUFFIX,POSTMILE_PREFIX,POSTMILE,LOCATION_TYPE,RAMP_INTERSECTION,SIDE_OF_HWY,TOW_AWAY,COLLISION_SEVERITY,NUMBER_KILLED,NUMBER_INJURED,PARTY_COUNT,PRIMARY_COLL_FACTOR,PCF_CODE_OF_VIOL,PCF_VIOL_CATEGORY,PCF_VIOLATION,PCF_VIOL_SUBSECTION,HIT_AND_RUN,TYPE_OF_COLLISION,MVIW,PED_ACTION,ROAD_SURFACE,ROAD_COND_1,ROAD_COND_2,LIGHTING,CONTROL_DEVICE,CHP_ROAD_TYPE,PEDESTRIAN_ACCIDENT,BICYCLE_ACCIDENT,MOTORCYCLE_ACCIDENT,TRUCK_ACCIDENT,NOT_PRIVATE_PROPERTY,ALCOHOL_INVOLVED,STWD_VEHTYPE_AT_FAULT,CHP_VEHTYPE_AT_FAULT,COUNT_SEVERE_INJ,COUNT_VISIBLE_INJ,COUNT_COMPLAINT_PAIN,COUNT_PED_KILLED,COUNT_PED_INJURED,COUNT_BICYCLIST_KILLED,COUNT_BICYCLIST_INJURED,COUNT_MC_KILLED,COUNT_MC_INJURED,PRIMARY_RAMP,SECONDARY_RAMP,LATITUDE,LONGITUDE,COUNTY,CITY,POINT_X,POINT_Y
91183338,2020,2020-02-10,9295,2020-02-06,1650,019387,,4,2,9,0300,0,1,3,,1,031,"STATE ROUTE 88","WICKLOW WAY",0.00,,Y,A,-,Y,,,88,,,,,,,Y,4,0,1,2,A,-,09,21802,A,N,D,C,A,A,H,-,A,A,0,,,,,Y,,A,01,0,0,1,0,0,0,0,0,0,"- ","- ",38.361099243164062,-120.80680847167969,AMADOR,UNINCORPORATED,-120.80681610107422,38.361125946044922
91189224,2020,2020-02-19,9295,2020-02-12,1145,016245,,3,1,9,0300,0,2,4,,2,012,"SHENANDOAH RD","SHENANDOAH SCHOOL RD.",1584.00,W,N,A,-,N,,,,,,,,,,Y,2,0,2,2,A,-,03,22350,,N,F,A,A,A,H,-,A,D,0,,,Y,,Y,,C,02,1,1,0,0,0,0,0,0,1,"- ","- ",38.491901397705078,-120.83054351806641,AMADOR,UNINCORPORATED,-120.82881164550781,38.500644683837891
91195019,2020,2020-02-27,9295,2020-02-21,1320,019003,,5,1,9,0300,0,1,3,,1,064,SR-88,"OMO RANCH RD",10032.00,E,N,A,-,Y,,,88,,,,,,,Y,3,0,1,1,A,-,05,21650,,N,F,A,A,A,H,-,A,D,0,,,,,Y,,A,01,0,1,0,0,0,0,0,0,0,"- ","- ",38.532028198242188,-120.41155242919922,AMADOR,UNINCORPORATED,-120.41159057617188,38.532081604003906
91199626,2020,2020-03-02,9295,2020-02-21,1520,019387,,5,2,9,0300,0,1,3,,1,064,"STATE ROUTE 88","PANTHER CREEK ROAD",5300.00,W,N,A,-,Y,,,88,,,,,,,Y,2,0,1,1,A,-,01,23152,A,N,E,I,A,A,H,-,A,D,0,,,Y,,Y,Y,C,02,1,0,0,0,0,0,0,0,1,"- ","- ",38.540569305419922,-120.38938903808594,AMADOR,UNINCORPORATED,-120.38937377929688,38.540512084960938
91199660,2020,2020-03-02,9295,2020-02-23,1600,019387,,7,2,9,0300,0,1,3,,1,064,"STATE ROUTE 88","OMO RANCH ROAD",830.00,E,N,A,-,Y,,,88,,,,,,,Y,4,0,2,1,A,-,08,22107,,N,E,I,A,A,H,-,A,D,0,,,,,Y,,A,07,0,0,2,0,0,0,0,0,0,"- ","- ",38.528820037841797,-120.43949890136719,AMADOR,UNINCORPORATED,-120.43949890136719,38.528877258300781
9120285,2020,2020-10-20,0305,2020-06-05,1632,G1035,STC,5,5,1,0305,0,0,0,,0,,"OLD 49","SPANISH ST",1056.00,N,N,A,-,N,,,,,,,,,,Y,2,0,1,1,A,-,08,22107,,N,F,I,A,A,H,-,A,D,0,,,,,Y,Y,D,22,1,0,0,0,0,0,0,0,0,"- ","- ",38.396129608154297,-120.80731201171875,AMADOR,"SUTTER CREEK",-120.81158447265625,38.402416229248047
91204029,2020,2020-03-09,9295,2020-02-27,1700,016661,,4,2,9,0300,0,1,3,,1,031,SR-88,"RIDGE RD.",24.00,W,N,A,-,Y,,,88,,,,,,,N,4,0,2,2,A,-,03,22350,,N,C,C,A,A,H,-,D,D,0,,,,,Y,,A,01,0,0,2,0,0,0,0,0,0,"- ","- ",38.359600067138672,-120.82186889648438,AMADOR,UNINCORPORATED,-120.82184600830078,38.359519958496094
91204187,2020,2020-03-09,9295,2020-03-04,0510,020459,,3,3,9,0300,0,1,3,,1,031,SR-88,SR-104,3696.00,E,N,A,-,Y,,,,,,,,,,Y,3,0,1,2,A,-,05,21460,A,N,B,C,A,A,H,-,D,D,0,,,,,Y,,D,22,0,1,0,0,0,0,0,0,0,"- ","- ",38.201240539550781,-120.53501892089844,AMADOR,UNINCORPORATED,-120.89781188964844,38.335964202880859
91204256,2020,2020-03-09,9295,2020-03-06,1235,016245,,5,1,9,0300,0,2,4,,2,012,"SHENANDOAH RD.","DICKSON RD.",0.00,,Y,A,-,N,,,,,,,,,,Y,2,0,3,3,A,-,09,21801,A,N,D,C,A,A,H,-,A,A,0,,,,,Y,,D,22,1,0,2,0,0,0,0,0,0,"- ","- ",38.5211181640625,-120.82038879394531,AMADOR,UNINCORPORATED,-120.8203125,38.521080017089844
91207746,2020,2020-03-13,9295,2020-03-08,1000,019003,,7,1,9,0300,0,1,3,,1,053,SR-88,"TRAGEDY SPRINGS RD",5280.00,W,N,A,-,Y,,,88,,,,,,,Y,4,0,1,2,A,-,08,22107,,N,C,C,A,B,H,-,A,D,0,,,,,Y,,A,07,0,0,1,0,0,0,0,0,0,"- ","- ",38.633609771728516,-120.15608978271484,AMADOR,UNINCORPORATED,-120.15610504150391,38.633632659912109
91209280,2020,2020-03-16,9295,2020-03-14,0100,020459,,6,3,9,0300,0,3,5,,2,006,SR-88,"PANTHER CREEK RD",8976.00,E,N,D,-,Y,,,88,,,,,,,Y,4,0,1,1,A,-,03,22350,,N,E,I,A,C,H,-,D,D,0,,,,,Y,,D,22,0,0,1,0,0,0,0,0,0,"- ","- ",38.542278289794922,-120.34400177001953,AMADOR,UNINCORPORATED,-120.34397125244141,38.542259216308594
91210042,2020,2020-03-17,9295,2020-03-05,1935,016661,,4,2,9,0300,0,2,4,,2,012,"SHENANDOAH RD","SHENANDOAH SCHOOL RD",3696.00,W,N,A,-,N,,,,,,,,,,Y,4,0,1,2,A,-,03,22350,,N,D,C,A,A,H,-,D,D,0,,,,Y,Y,,A,07,0,0,1,0,0,0,0,0,0,"- ","- ",38.513648986816406,-120.82530975341797,AMADOR,UNINCORPORATED,-120.82555389404297,38.505706787109375
91211190,2020,2020-03-18,9295,2020-03-14,0100,014943,,6,3,9,0300,0,3,5,,2,005,"TABEAUD RD","ELDEL RD",100.00,N,N,C,-,N,,,,,,,,,,N,3,0,2,1,A,-,03,22350,,N,E,I,A,B,H,-,D,D,0,,,,,Y,,A,01,0,2,0,0,0,0,0,0,0,"- ","- ",38.396030426025391,-120.64356231689453,AMADOR,UNINCORPORATED,-120.64249420166016,38.395698547363281
91214232,2020,2020-03-23,9295,2020-03-18,1345,014943,,3,1,9,0300,0,3,5,,2,002,"SUTTER IONE RD",SR-49,7920.00,W,N,A,-,N,,,,,,,,,,Y,3,0,1,1,A,-,03,22350,,N,E,I,A,A,H,-,A,D,0,,,,,Y,,A,01,0,1,0,0,0,0,0,0,0,"- ","- ",38.393180847167969,-120.85285186767578,AMADOR,UNINCORPORATED,-120.84442138671875,38.398712158203125
91216324,2020,2020-03-26,9295,2020-03-17,0820,014182,,2,1,9,0300,0,1,3,,1,053,"STATE ROUTE 88","DEFENDER GRADE RD",348.00,E,N,A,-,Y,,,88,,,,,,,Y,2,0,6,2,A,-,03,22350,,N,D,C,A,C,H,-,A,A,0,,,,,Y,,D,22,2,1,3,0,0,0,0,0,0,"- ","- ",38.431831359863281,-120.57074737548828,AMADOR,UNINCORPORATED,-120.57074737548828,38.431816101074219
91218816,2020,2020-03-30,9295,2020-03-24,0835,016881,,2,1,9,0300,0,2,4,,2,012,"SHENANDOAH ROAD","OSTROM ROAD",273.00,W,N,B,-,N,,,,,,,,,,Y,4,0,1,1,A,-,08,22107,,N,E,I,A,B,H,-,A,D,0,,,,,Y,,A,01,0,0,1,0,0,0,0,0,0,"- ","- ",38.53302001953125,-120.76596069335938,AMADOR,UNINCORPORATED,-120.76669311523438,38.532932281494141
91220907,2020,2020-04-06,9295,2020-04-02,1125,016881,,4,1,9,0300,0,1,3,,1,053,SR-88,"SILVER DRIVE",528.00,W,N,A,-,Y,,,,,,,,,,Y,2,0,1,1,C,-,18,,,N,H,H,A,A,H,-,A,D,0,,,Y,,Y,,-,"- ",1,0,0,0,0,0,0,0,1,"- ","- ",38.449359893798828,-121.52809906005859,AMADOR,UNINCORPORATED,-120.52957153320312,38.453330993652344
91223537,2020,2020-04-09,9295,2020-04-07,1930,018684,,2,2,9,0300,0,3,5,,2,005,"TABEAUD RD","ARROW HEAD RD",500.00,S,N,A,-,N,,,,,,,,,,Y,3,0,1,1,A,-,01,23152,A,N,E,I,A,A,H,-,D,D,0,,,,,Y,Y,A,07,0,1,0,0,0,0,0,0,0,"- ","- ",38.389369964599609,-120.63446044921875,AMADOR,UNINCORPORATED,-120.63402557373047,38.389011383056641
91224069,2020,2020-04-10,9295,2020-04-02,0500,016994,,4,3,9,0300,0,1,3,,1,053,SR-88,"MOUNT ZION RD",137.00,E,N,B,-,Y,,,88,,,,,,,Y,4,0,1,1,A,-,05,21650,,N,E,I,A,A,H,-,D,D,0,,,,,Y,,A,01,0,0,1,0,0,0,0,0,0,"- ","- ",38.407558441162109,-120.65003967285156,AMADOR,UNINCORPORATED,-120.6500244140625,38.407577514648438
91224958,2020,2020-04-13,9295,2020-04-09,0425,015691,,4,3,9,0300,0,2,4,,2,012,"SHENANDOAH RD","MEADOW VIEW ROAD",233.00,W,N,B,C,N,,,,,,,,,,Y,3,0,1,1,A,-,05,21650,,N,E,I,A,B,H,-,D,D,0,,,,,Y,,D,22,0,1,0,0,0,0,0,0,0,"- ","- ",38.545921325683594,-120.7386474609375,AMADOR,UNINCORPORATED,-120.73890686035156,38.546035766601562
91225822,2020,2020-04-15,9295,2020-04-13,0139,016994,,1,3,9,0300,0,3,5,,2,003,"CAMANCHE RD","JACKSON VALLEY RD",0.00,,Y,A,-,N,,,,,,,,,,Y,3,0,1,1,A,-,01,23152,A,N,F,A,A,A,H,-,D,A,0,,,Y,,Y,Y,C,02,0,1,0,0,0,0,0,0,1,"- ","- ",38.293258666992188,-120.92778015136719,AMADOR,UNINCORPORATED,-120.92775726318359,38.293251037597656
91226586,2020,2020-04-16,9295,2020-04-11,1025,016245,,6,1,9,0300,0,3,5,,2,001,"LATROBE RD.","LORENTZ RD",1584.00,N,N,B,-,N,,,,,,,,,,Y,3,0,1,1,A,-,08,22107,,N,F,A,A,A,H,-,A,D,0,,,Y,,Y,,C,02,0,1,0,0,0,0,0,0,1,"- ","- ",38.498760223388672,-120.94027709960938,AMADOR,UNINCORPORATED,-120.93968200683594,38.498252868652344
91228089,2020,2020-04-21,9295,2020-04-16,1425,019003,,4,2,9,0300,0,3,5,,2,005,"MARILYN LN",SR-88,150.00,S,N,A,-,N,,,,,,,,,,Y,4,0,1,1,C,-,18,,,N,E,I,A,A,H,-,A,D,0,,,,,Y,,-,"- ",0,0,1,0,0,0,0,0,0,"- ","- ",38.421760559082031,-120.59982299804688,AMADOR,UNINCORPORATED,-120.59993743896484,38.421291351318359
91228460,2020,2020-04-22,9295,2020-04-15,2155,018304,,3,2,9,0300,0,3,5,,2,003,"CAMANCHE PKY N","LAKEVIEW DR",4224.00,W,N,A,-,N,,,,,,,,,,Y,4,0,1,1,A,-,05,21650,,N,E,I,A,A,H,-,D,D,0,,,,,Y,,A,01,0,0,1,0,0,0,0,0,0,"- ","- ",38.143478393554688,-120.58306884765625,AMADOR,UNINCORPORATED,-120.97592163085938,38.243190765380859
91228489,2020,2020-04-22,9295,2020-04-16,2210,018304,,4,3,9,0300,0,3,5,,2,004,"NEW YORK RANCH RD","CHINA GRAVEYARD RD",2112.00,N,N,A,-,N,,,,,,,,,,Y,3,0,1,1,A,-,01,23152,A,M,E,I,A,A,H,-,D,D,0,,,,,Y,Y,A,01,0,1,0,0,0,0,0,0,0,"- ","- ",38.221721649169922,-120.45388793945312,AMADOR,UNINCORPORATED,-120.76071166992188,38.371822357177734
91230765,2020,2020-04-29,9295,2020-04-21,1610,016661,,2,2,9,0300,0,3,5,,2,001,"FIDDLETOWN RD","BURKE DR",2640.00,E,N,A,-,N,,,,,,,,,,N,3,0,1,2,A,-,17,21200,,N,H,G,A,A,H,-,A,A,0,,Y,,,Y,Y,L,04,0,1,0,0,0,0,1,0,0,"- ","- ",38.482479095458984,-120.82221984863281,AMADOR,UNINCORPORATED,-120.82027435302734,38.482524871826172
91233129,2020,2020-05-04,9295,2020-04-30,2022,019387,,4,2,9,0300,0,1,3,,1,053,SR-88,"SUGAR PINE DRIVE",400.00,E,N,A,-,Y,,,88,,,,,,,Y,2,0,1,1,C,-,18,,,N,E,H,A,A,H,-,D,D,0,,,Y,,Y,,-,"- ",1,0,0,0,0,0,0,0,1,"- ","- ",38.469898223876953,-120.52722930908203,AMADOR,UNINCORPORATED,-120.52729797363281,38.469951629638672
91233176,2020,2020-05-04,9295,2020-05-02,1420,016881,,6,2,9,0300,0,1,3,,2,055,"SR-26 E/B","DEFENDER GRADE ROAD",1056.00,E,N,A,-,Y,,,26,,,,,,E,Y,3,0,1,1,A,-,05,21650,,N,E,I,A,A,H,-,A,D,0,,,,,Y,,A,01,0,1,0,0,0,0,0,0,0,"- ","- ",38.419391632080078,-120.55625915527344,AMADOR,UNINCORPORATED,-120.55626678466797,38.419399261474609
91235059,2020,2020-05-07,9295,2020-05-05,1800,016661,,2,2,9,0300,0,2,4,,1,043,"RIDGE RD","AMPINE RD.",0.00,,Y,A,-,N,,,,,,,,,,Y,3,0,1,2,A,-,03,22350,,N,C,C,A,A,H,-,A,D,0,,,,,Y,,D,22,0,1,0,0,0,0,0,0,0,"- ","- ",38.371250152587891,-120.81236267089844,AMADOR,UNINCORPORATED,-120.81229399999999,38.371232999999997
91235853,2020,2020-05-11,9295,2020-04-30,2035,019158,,4,2,9,0300,0,3,5,,2,003,"JACKSON VALLEY ROAD","BUENA VISTA RD",2112.00,E,N,A,-,N,,,,,,,,,,Y,4,0,1,1,C,-,18,,,N,H,H,A,A,H,-,D,D,0,,,,,Y,,-,"- ",0,0,1,0,0,0,0,0,0,"- ","- ",38.295860290527344,-120.90567016601562,AMADOR,UNINCORPORATED,-120.90634918212891,38.295459747314453
91235947,2020,2020-05-11,9295,2020-05-05,0220,015691,,2,3,9,0300,0,3,5,,2,002,"MICHIGAN BAR ROAD","CARBONDALE ROAD",2376.00,N,N,A,-,N,,,,,,,,,,Y,3,0,1,1,A,-,05,21650,,N,E,I,A,A,H,-,D,D,0,,,,,Y,,A,01,0,1,0,0,0,0,0,0,0,"- ","- ",38.401771545410156,-121.01569366455078,AMADOR,UNINCORPORATED,-121.01586151123047,38.401638031005859
91235965,2020,2020-05-11,9295,2020-05-06,1212,016881,,3,1,9,0300,0,1,3,,1,016,SR-16,SR-49,0.00,,Y,A,-,Y,,,16,,,,,,,Y,3,0,1,2,A,-,09,21453,C,N,D,C,A,A,H,-,A,A,0,,,,,Y,,A,07,0,1,0,0,0,0,0,0,0,"- ","- ",38.454891204833984,-120.86768341064453,AMADOR,UNINCORPORATED,-120.86767578125,38.454883575439453
91237128,2020,2020-05-13,9295,2020-05-12,0447,016994,,2,3,9,0300,0,1,3,,1,042,SR-88,"CLINTON RD",528.00,W,N,C,-,Y,,,88,,,,,,,Y,4,0,1,1,C,-,18,,,N,H,H,A,B,H,-,D,D,0,,,,,Y,,-,"- ",0,0,1,0,0,0,0,0,0,"- ","- ",38.388828277587891,-120.67481231689453,AMADOR,UNINCORPORATED,-120.67479705810547,38.388828277587891
91237288,2020,2020-05-13,9295,2020-05-05,1250,014943,,2,1,9,0300,0,1,3,,1,049,SR-49,"INDUSTRY BLVD",100.00,S,N,A,-,Y,,,49,,,,,,,Y,4,0,3,2,A,-,03,22350,,N,C,C,A,A,H,-,A,A,0,,,,,Y,,A,01,0,0,3,0,0,0,0,0,0,"- ","- ",38.370071411132812,-120.79833984375,AMADOR,UNINCORPORATED,-120.79821014404297,38.370170593261719
91237757,2020,2020-05-14,9295,2020-05-08,1255,014182,,5,1,9,0300,0,3,5,,2,003,"STONEY CREEK RD","PARDEE DAM RD",20.00,S,N,A,-,N,,,,,,,,,,Y,4,0,1,2,A,-,09,21800,A,N,D,C,A,A,H,-,A,A,0,,,,,Y,,A,01,0,0,1,0,0,0,0,0,0,"- ","- ",38.277370452880859,-120.87050628662109,AMADOR,UNINCORPORATED,-120.87031555175781,38.278167724609375
91237786,2020,2020-05-14,9295,2020-04-26,0214,020459,,7,3,9,0300,0,2,4,,2,012,"SHENANDOAH RD","SHENANDOAH SCHOOL RD",3168.00,E,N,A,-,N,,,,,,,,,,Y,2,0,2,1,A,-,01,23152,A,N,E,I,A,A,H,-,D,D,0,,,,,Y,Y,D,22,1,1,0,0,0,0,0,0,0,"- ","- ",38.504589080810547,-120.82588958740234,AMADOR,UNINCORPORATED,-120.83444976806641,38.489738464355469
91238210,2020,2020-05-15,9295,2020-05-14,0416,020459,,4,3,9,0300,0,1,3,,1,041,"CLINTON RD","CIPRIANO RD",4224.00,E,N,A,-,N,,,,,,,,,,Y,4,0,1,1,A,-,08,22107,,N,E,I,A,A,H,-,D,D,0,,,,,Y,,A,07,0,0,1,0,0,0,0,0,0,"- ","- ",38.34954833984375,-120.71307373046875,AMADOR,UNINCORPORATED,-120.71347808837891,38.349559783935547
91238221,2020,2020-05-15,9295,2020-05-14,1545,019387,,4,2,9,0300,0,1,3,,1,031,"STATE ROUTE 88","UPPER JACKSON VALLEY ROAD",0.00,,Y,A,-,Y,,,88,,,,,,,Y,4,0,1,2,A,-,09,21801,A,N,E,I,A,A,H,-,A,A,0,,,,,Y,,D,22,0,0,1,0,0,0,0,0,0,"- ","- ",38.329921722412109,-120.90689849853516,AMADOR,UNINCORPORATED,-120.90695190429688,38.330104827880859
91238259,2020,2020-05-15,9295,2020-03-29,1955,019284,,7,2,9,0300,0,1,3,,1,016,SR-16,"WELSH POND ROAD",724.00,W,N,A,-,Y,,,16,,,,,,,Y,1,3,3,2,A,-,01,23152,A,N,A,C,A,A,H,-,D,D,0,,,,,Y,Y,A,01,3,0,0,0,0,0,0,0,0,"- ","- ",38.458759307861328,-120.92967987060547,AMADOR,UNINCORPORATED,-120.92967987060547,38.458755493164062
91240831,2020,2020-05-21,9295,2020-05-19,1355,018684,,2,1,9,0300,0,1,3,,1,042,SR-88,"OUSBY RD",160.00,W,N,B,-,Y,,,88,,,,,,,Y,3,0,1,1,A,-,08,22107,,N,E,I,A,A,H,-,A,D,0,,,,,Y,,A,01,0,1,0,0,0,0,0,0,0,"- ","- ",38.359928131103516,-120.74519348144531,AMADOR,UNINCORPORATED,-120.74519348144531,38.359970092773438
91241278,2020,2020-05-22,9295,2020-05-21,1330,019229,,4,1,9,0300,0,3,5,,2,005,"RAMS HORN GRD","BARONE RD",0.00,,N,A,-,N,,,,,,,,,,Y,4,0,1,1,A,-,05,21650,,N,F,A,A,A,H,-,A,D,0,,,Y,,Y,,C,02,0,0,1,0,0,0,0,0,1,"- ","- ",38.448238372802734,-120.61911010742188,AMADOR,UNINCORPORATED,-120.61967,38.446719999999999
91241491,2020,2020-05-22,9295,2020-05-15,1530,016994,,5,2,9,0300,0,3,5,,2,003,"JACKSON VALLEY RD",SR-88,8448.00,S,N,A,-,N,,,,,,,,,,Y,3,0,1,1,A,-,01,23152,A,N,E,I,A,A,H,-,A,D,0,,,,,Y,Y,A,01,0,1,0,0,0,0,0,0,0,"- ","- ",38.303859710693359,-120.90012359619141,AMADOR,UNINCORPORATED,-120.94628143310547,38.295986175537109
91241540,2020,2020-05-22,9295,2020-05-21,1405,019387,,4,2,9,0300,0,3,5,,2,003,"CAMANCHE PARKWAY NORTH","EAST RANCHERO ROAD",2435.00,E,N,A,-,N,,,,,,,,,,Y,3,0,1,1,A,-,08,22107,,N,F,A,A,A,H,-,A,D,0,,,Y,,Y,,C,02,0,1,0,0,0,0,0,0,1,"- ","- ",38.24517822265625,-121.00054168701172,AMADOR,UNINCORPORATED,-121.00051879882812,38.245189666748047
91242183,2020,2020-05-26,9295,2020-05-18,0735,016245,,1,1,9,0300,0,3,5,,2,002,"SUTTER IONE RD",SR-49,7392.00,W,N,B,-,N,,,,,,,,,,Y,3,0,2,2,A,-,05,21460,A,N,B,C,A,B,H,-,A,D,0,,,,,Y,,A,08,0,1,1,0,0,0,0,0,0,"- ","- ",38.400020599365234,-120.84320831298828,AMADOR,UNINCORPORATED,-120.8433837890625,38.399871826171875
91242280,2020,2020-05-26,9295,2020-05-23,1515,019387,,6,2,9,0300,0,3,5,,2,004,"CLINTON ROAD","CIPRIANO RD",433.00,E,N,A,-,N,,,,,,,,,,Y,2,0,1,1,A,-,01,23152,A,N,E,I,A,A,H,-,A,D,0,,,,,Y,Y,D,22,1,0,0,0,0,0,0,0,0,"- ","- ",38.352310180664062,-120.72590637207031,AMADOR,UNINCORPORATED,-120.72608184814453,38.3524169921875
91242428,2020,2020-05-26,9295,2020-05-21,2000,019003,,4,2,9,0300,0,1,3,,1,049,SR-49,SR-16,3696.00,S,N,A,-,Y,,,49,,,,,,,Y,3,0,1,1,A,-,05,21650,,N,F,A,A,A,H,-,B,D,0,,,,,Y,,A,07,0,1,0,0,0,0,0,0,0,"- ","- ",38.446041107177734,-120.86090850830078,AMADOR,UNINCORPORATED,-120.86093139648438,38.446022033691406
91242436,2020,2020-05-26,9295,2020-05-26,0750,018684,,2,1,9,0300,0,2,4,,1,043,"RIDGE RD","HAMRICKS GRADE",50.00,W,N,A,-,N,,,,,,,,,,Y,2,0,1,1,C,-,18,,,N,H,H,A,A,H,-,A,D,0,,,Y,,Y,,-,"- ",1,0,0,0,0,0,0,0,1,"- ","- ",38.400108337402344,-120.75328826904297,AMADOR,UNINCORPORATED,-120.753173828125,38.400360107421875
91242880,2020,2020-05-27,9295,2020-05-23,1155,016245,,6,1,9,0300,0,1,3,,1,013,SR-49,"BELL RD.",3960.00,S,N,A,-,Y,,,49,,,,,,,Y,2,0,2,1,A,-,08,22107,,N,E,I,A,A,H,-,A,D,0,,,Y,,Y,,C,02,1,1,0,0,0,0,0,0,2,"- ","- ",38.5281982421875,-120.84690856933594,AMADOR,UNINCORPORATED,-120.84694671630859,38.5281982421875
91242908,2020,2020-05-27,9295,2020-05-25,2000,015691,,1,2,9,0300,0,3,5,,2,003,"CURRAN ROAD","DRY CREEK LANE",2112.00,W,N,A,-,N,,,,,,,,,,N,3,0,2,1,A,-,05,21650,,M,E,I,A,A,H,-,A,D,0,,,,,Y,Y,A,01,0,1,1,0,0,0,0,0,0,"- ","- ",38.257789611816406,-120.96279144287109,AMADOR,UNINCORPORATED,-120.96665954589844,38.257045745849609
91246010,2020,2020-06-01,9295,2020-05-24,1620,019387,,7,2,9,0300,0,2,4,,1,043,"RIDGE ROAD","HAMRICKS GRADE",30.00,W,N,A,-,N,,,,,,,,,,Y,3,0,2,2,A,-,03,22350,,N,C,C,A,A,H,-,A,D,0,,,,,Y,,A,01,0,1,1,0,0,0,0,0,0,"- ","- ",38.400211334228516,-120.75321197509766,AMADOR,UNINCORPORATED,-120.75312805175781,38.400402069091797
91247452,2020,2020-06-04,9295,2020-06-03,0830,014943,,3,1,9,0300,0,1,3,,1,042,SR-88,"DALTON ROAD",20.00,E,N,A,-,Y,,,88,,,,,,,N,4,0,1,2,A,-,03,22350,,M,C,C,A,A,H,-,A,A,0,,,,,Y,,-,99,0,0,1,0,0,0,0,0,0,"- ","- ",38.362289428710938,-120.73387908935547,AMADOR,UNINCORPORATED,-120.73387908935547,38.362270355224609
91248229,2020,2020-06-08,9295,2020-06-03,1330,019158,,3,1,9,0300,0,1,3,,1,031,SR-88,"BROOK RANCH RD  E",2640.00,W,N,A,-,Y,,,88,,,,,,,Y,4,0,1,4,A,-,03,22350,,N,C,C,A,A,H,-,A,D,0,,,,,Y,,A,07,0,0,1,0,0,0,0,0,0,"- ","- ",38.343151092529297,-120.86997222900391,AMADOR,UNINCORPORATED,-120.86997985839844,38.343185424804688
91249045,2020,2020-06-08,9295,2020-06-02,1130,014943,,2,1,9,0300,0,1,3,,1,053,SR-88,"TABEAUD RD",528.00,E,N,A,-,Y,,,88,,,,,,,Y,2,0,3,2,A,-,05,21460,A,N,B,C,A,A,H,-,A,D,0,,,,,Y,,A,07,1,1,1,0,0,0,0,0,0,"- ","- ",38.405250549316406,-120.64328765869141,AMADOR,UNINCORPORATED,-120.64328002929688,38.405292510986328
91249584,2020,2020-06-09,9295,2020-06-07,0501,014943,,7,3,9,0300,0,3,5,,2,005,"PINE GROVE VOLCANO RD","SUTTER CREEK VOLCANO RD",5.00,N,N,A,-,N,,,,,,,,,,Y,3,0,1,1,A,-,05,21650,,N,E,I,A,A,H,-,D,D,0,,,,,Y,,D,22,0,1,0,0,0,0,0,0,0,"- ","- ",38.440589904785156,-120.63255310058594,AMADOR,UNINCORPORATED,-120.63211059570312,38.440505981445312
91250346,2020,2020-06-10,9295,2020-06-06,1610,016245,,6,2,9,0300,0,3,5,,2,003,"JACKSON VALLEY RD.","MARTIN LANE",615.00,E,N,A,-,N,,,,,,,,,,Y,4,0,2,2,A,-,03,22350,,N,C,C,A,A,H,-,A,D,0,,,,,Y,,A,07,0,0,2,0,0,0,0,0,0,"- ","- ",38.296169281005859,-120.94687652587891,AMADOR,UNINCORPORATED,-120.94698333740234,38.296215057373047
91251466,2020,2020-06-12,9295,2020-06-04,0700,019003,,4,1,9,0300,0,1,3,,1,053,SR-88,"SILVER DR",0.00,,Y,A,-,Y,,,88,,,,,,,Y,4,0,1,2,A,-,12,22450,A,N,D,C,A,A,H,-,A,A,0,,,,,Y,,A,01,0,0,1,0,0,0,0,0,0,"- ","- ",38.452201843261719,-120.52854156494141,AMADOR,UNINCORPORATED,-120.528564453125,38.452178955078125
91252872,2020,2020-06-16,9295,2020-06-06,0040,016994,,6,3,9,0300,0,1,3,,1,031,SR-88,"SUTTER CREEK RANCHOS RD",20.00,W,N,A,-,Y,,,88,,,,,,,Y,2,0,1,1,A,-,01,23152,A,N,E,I,A,A,H,-,D,D,0,,,,,Y,Y,A,07,1,0,0,0,0,0,0,0,0,"- ","- ",38.344108581542969,-120.86489868164062,AMADOR,UNINCORPORATED,-120.86489868164062,38.344062805175781