CASE_ID,ACCIDENT_YEAR,PROC_DATE,JURIS,COLLISION_DATE,COLLISION_TIME,OFFICER_ID,REPORTING_DISTRICT,DAY_OF_WEEK,CHP_SHIFT,POPULATION,CNTY_CITY_LOC,SPECIAL_COND,BEAT_TYPE,CHP_BEAT_TYPE,CITY_DIVISION_LAPD,CHP_BEAT_CLASS,BEAT_NUMBER,PRIMARY_RD,SECONDARY_RD,DISTANCE,DIRECTION,INTERSECTION,WEATHER_1,WEATHER_2,STATE_HWY_IND,CALTRANS_COUNTY,CALTRANS_DISTRICT,STATE_ROUTE,ROUTE_SUFFIX,POSTMILE_PREFIX,POSTMILE,LOCATION_TYPE,RAMP_INTERSECTION,SIDE_OF_HWY,TOW_AWAY,COLLISION_SEVERITY,NUMBER_KILLED,NUMBER_INJURED,PARTY_COUNT,PRIMARY_COLL_FACTOR,PCF_CODE_OF_VIOL,PCF_VIOL_CATEGORY,PCF_VIOLATION,PCF_VIOL_SUBSECTION,HIT_AND_RUN,TYPE_OF_COLLISION,MVIW,PED_ACTION,ROAD_SURFACE,ROAD_COND_1,ROAD_COND_2,LIGHTING,CONTROL_DEVICE,CHP_ROAD_TYPE,PEDESTRIAN_ACCIDENT,BICYCLE_ACCIDENT,MOTORCYCLE_ACCIDENT,TRUCK_ACCIDENT,NOT_PRIVATE_PROPERTY,ALCOHOL_INVOLVED,STWD_VEHTYPE_AT_FAULT,CHP_VEHTYPE_AT_FAULT,COUNT_SEVERE_INJ,COUNT_VISIBLE_INJ,COUNT_COMPLAINT_PAIN,COUNT_PED_KILLED,COUNT_PED_INJURED,COUNT_BICYCLIST_KILLED,COUNT_BICYCLIST_INJURED,COUNT_MC_KILLED,COUNT_MC_INJURED,PRIMARY_RAMP,SECONDARY_RAMP,LATITUDE,LONGITUDE,COUNTY,CITY,POINT_X,POINT_Y
92288917,2024,2024-01-17,9295,2024-01-10,"759 ",020931,,3,1,9,0300,0,1,3,,1,031,SR-88,"SUTTER CREEK RANCHOS RD",300.00,W,N,B,-,Y,AMA,,88," "," ",10.119,H,,R,Y,4,0,1,2,A,-,09,21801,A,N,D,C,A,A,H,-,A,D,0,,,,,Y,,D,22,0,0,1,0,0,0,0,0,0,"- ","- ",38.344070434570312,-120.86367797851562,AMADOR,UNINCORPORATED,-120.86368560791016,38.344104766845703
92293523,2024,2024-01-22,9295,2024-01-10,1025,014943,,3,1,9,0300,0,1,3,,1,053,SR-88,"SILVER DR",1320.00,W,N,D,-,Y,AMA,,88," "," ",32.503,H,,R,N,4,0,1,1,A,-,03,22350,,N,E,I,A,C,H,-,A,D,0,,,,,Y,Y,-,"- ",0,0,1,0,0,0,0,0,0,"- ","- ",38.449710845947266,-120.52757263183594,AMADOR,UNINCORPORATED,-120.52758026123047,38.449710845947266
92293545,2024,2024-01-22,9295,2024-01-13,1515,019802,,6,2,9,0300,0,3,5,,2,003,"CAMANCHE PKY N","LAKEVIEW DR",4224.00,W,N,C,-,N,,,,,,,,,,Y,3,0,2,1,A,-,03,22350,,N,E,8,A,B,H,-,D,D,0,,,,,Y,,A,01,0,1,1,0,0,0,0,0,0,"- ","- ",38.243831634521484,-120.97711181640625,AMADOR,UNINCORPORATED,-120.97592163085938,38.243190765380859
92294701,2024,2024-01-23,9295,2024-01-14,1830,019802,,7,2,9,0300,0,1,3,,2,020,"STATE HIGHWAY 104","IONE MICHIGAN BAR RD",905.00,W,N,B,-,Y,AMA,,104," "," ",2.210,H,,R,Y,3,0,1,2,A,-,03,22350,,N,D,C,A,A,H,-,D,D,0,,,,,Y,,A,01,0,1,0,0,0,0,0,0,0,"- ","- ",38.380508422851562,-120.98908996582031,AMADOR,UNINCORPORATED,-120.98909759521484,38.380496978759766
92299386,2024,2024-01-29,9295,2024-01-09,2015,019284,,2,2,9,0300,0,1,3,,1,016,SR-16,"COPPER HILL ROAD",4858.00,E,N,A,-,Y,AMA,,16," ",R,1.827,H,,R,Y,3,0,2,2,A,-,08,22107,,N,D,C,A,A,H,-,D,D,0,,,,,Y,,A,01,0,2,0,0,0,0,0,0,0,"- ","- ",38.479091644287109,-120.99250030517578,AMADOR,UNINCORPORATED,-120.99248504638672,38.479103088378906
92299641,2024,2024-01-29,9295,2024-01-28,1702,019408,,7,2,9,0300,0,1,3,,1,016,"STATE HIGHWAY 16","LATROBE ROAD",0.00,,Y,A,-,Y,AMA,,16," ",R,6.400,H,,R,Y,4,0,1,2,A,-,09,21802,A,N,B,C,A,A,H,-,B,A,0,,,,,Y,,A,01,0,0,1,0,0,0,0,0,0,"- ","- ",38.453121185302734,-120.91776275634766,AMADOR,UNINCORPORATED,-120.91775512695312,38.453132629394531
92299996,2024,2024-01-29,9295,2024-01-28,1444,019408,,7,2,9,0300,0,1,3,,2,020,"STATE HIGHWAY 104","STATE HIGHWAY 88",4488.00,N,N,A,-,Y,AMA,,104," ",R,7.341,H,,R,Y,3,0,1,1,A,-,03,22350,,N,E,I,A,A,H,-,A,D,0,,,,,Y,,A,01,0,1,0,0,0,0,0,0,0,"- ","- ",38.339729309082031,-120.91674041748047,AMADOR,UNINCORPORATED,-120.91677093505859,38.339698791503906
92301763,2024,2024-02-26,9295,2024-01-21,2050,018304,,7,2,9,0300,0,2,4,,1,045,"RIDGE RD","SURREY JUNCTION LN",334.00,E,N,C,-,N,,,,,,,,,,Y,4,0,1,1,A,-,08,22107,,N,E,8,A,B,H,-,D,D,0,,,,,Y,,A,07,0,0,1,0,0,0,0,0,0,"- ","- ",38.407901763916016,-120.71160888671875,AMADOR,UNINCORPORATED,-120.71164703369141,38.407878875732422
92302883,2024,2024-02-01,9295,2024-01-24,1316,020931,,3,1,9,0300,0,1,3,,1,031,SR-88,"BLUE SKY DRIVE",4013.00,W,N,C,-,Y,AMA,,88," "," ",8.292,H,,R,Y,2,0,1,1,A,-,03,22350,,N,F,I,A,B,H,-,A,D,0,,,,,Y,,A,01,1,0,0,0,0,0,0,0,0,"- ","- ",38.338230133056641,-120.89463806152344,AMADOR,UNINCORPORATED,-120.89478302001953,38.33837890625
92309162,2024,2024-02-08,9295,2024-02-07,2345,020459,,3,3,9,0300,0,3,5,,2,001,"FIDDLETOWN ROAD","BERTONE DRIVE",1056.00,E,N,B,-,N,,,,,,,,,,Y,3,0,1,1,A,-,08,22107,,N,E,I,A,B,H,-,D,D,0,,,,,Y,,A,07,0,1,0,0,0,0,0,0,0,"- ","- ",38.497989654541016,-120.70278930664062,AMADOR,UNINCORPORATED,-120.70209503173828,38.498210906982422
92312579,2024,2024-02-13,9295,2024-02-09,"725 ",018488,,5,1,9,0300,0,1,3,,1,049,SR-49,"SUTTER IONE ROAD",1600.00,S,N,A,-,Y,AMA,,49," ",R,8.414,H,,R,Y,4,0,1,1,C,-,18,,,N,E,I,A,C,G,-,A,D,0,,,,,Y,,-,"- ",0,0,1,0,0,0,0,0,0,"- ","- ",38.394779205322266,-120.81626892089844,AMADOR,UNINCORPORATED,-120.81658935546875,38.394767761230469
92317887,2024,2024-02-20,9295,2024-01-29,1700,019284,,1,2,9,0300,0,1,3,,1,031,SR-88,"BUENA VISTA RD",0.00,,Y,A,-,Y,AMA,,88," "," ",6.181,H,,R,Y,4,0,2,2,A,-,12,21453,A,N,D,C,A,A,H,-,A,A,0,,,,,Y,,A,01,0,0,2,0,0,0,0,0,0,"- ","- ",38.322719573974609,-120.92656707763672,AMADOR,UNINCORPORATED,-120.92656707763672,38.322723388671875
92322942,2024,2024-02-26,9295,2024-02-11,2228,016994,,7,3,9,0300,0,1,3,,1,053,SR-88,"COLUMBIA DR",528.00,E,N,A,-,Y,AMA,,88," "," ",33.300,H,,R,Y,3,0,1,1,A,-,01,23152,A,N,E,8,A,A,H,-,D,A,0,,,,,Y,Y,D,22,0,1,0,0,0,0,0,0,0,"- ","- ",38.459548950195312,-120.52982330322266,AMADOR,UNINCORPORATED,-120.52983093261719,38.459503173828125
92322989,2024,2024-02-26,9295,2024-02-23,2133,018304,,5,2,9,0300,0,1,3,,1,016,SR-16,"SACRAMENTO COUNTY LINE",1056.00,E,N,A,-,Y,AMA,,16," ",R,0.218,H,,R,N,4,0,1,1,C,-,18,,,N,H,H,A,A,H,-,D,D,0,,,,,Y,,-,"- ",0,0,1,0,0,0,0,0,0,"- ","- ",38.481510162353516,-121.01997375488281,AMADOR,UNINCORPORATED,-121.01998138427734,38.481533050537109
92323042,2024,2024-02-26,9295,2024-02-24,1748,019408,,6,2,9,0300,0,3,5,,2,004,"LUPE ROAD","RIDGE ROAD",580.00,N,N,A,-,N,,,,,,,,,,N,3,0,1,1,A,-,03,22350,,N,F,A,A,A,H,-,D,D,0,,,Y,,Y,,C,02,0,1,0,0,0,0,0,0,1,"- ","- ",38.414161682128906,-120.67495727539062,AMADOR,UNINCORPORATED,-120.67501068115234,38.414131164550781
92324086,2024,2024-02-27,9295,2024-02-24,"837 ",019802,,6,1,9,0300,0,1,3,,1,042,"STATE HIGHWAY 88","PREVITALI RD",1035.00,E,N,A,-,Y,AMA,,88," "," ",18.027,H,,R,Y,4,0,1,1,A,-,08,22107,,N,E,I,A,A,H,-,A,D,0,,,,,Y,,A,01,0,0,1,0,0,0,0,0,0,"- ","- ",38.368061065673828,-120.71510314941406,AMADOR,UNINCORPORATED,-120.71511077880859,38.368076324462891
92330046,2024,2024-03-05,9295,2024-02-28,1855,019802,,3,2,9,0300,0,3,5,,2,003,"COAL MINE RD","BUENA VISTA RD",0.00,,Y,C,-,N,,,,,,,,,,Y,4,0,2,2,A,-,09,21802,A,N,D,C,A,A,H,-,C,A,0,,,,,Y,,A,01,0,0,2,0,0,0,0,0,0,"- ","- ",38.287220001220703,-120.91161346435547,AMADOR,UNINCORPORATED,-120.91158294677734,38.287189483642578
92334953,2024,2024-03-11,9295,2024-03-03,1928,019408,,7,2,9,0300,0,3,5,,2,003,"KENNEDY FLAT RD","ARGONAUT LN",575.00,W,N,C,-,N,,,,,,,,,,N,2,0,1,2,A,-,11,21954,A,N,G,B,E,B,H,-,D,D,0,Y,,,,Y,,N,60,1,0,0,0,1,0,0,0,0,"- ","- ",38.364921569824219,-120.79106140136719,AMADOR,UNINCORPORATED,-120.791015625,38.364894866943359
92336445,2024,2024-03-12,9295,2024-03-11,1632,016881,,1,2,9,0300,0,1,3,,1,053,SR-88,"SIERRA CIRCLE DRIVE",1056.00,E,N,B,-,Y,AMA,,88," "," ",37.795,H,,R,N,3,0,2,1,A,-,08,22107,,N,E,8,A,A,H,-,A,D,0,,,,,Y,,A,01,0,2,0,0,0,0,0,0,0,"- ","- ",38.509860992431641,-120.49015045166016,AMADOR,UNINCORPORATED,-120.48996734619141,38.509784698486328
92339278,2024,2024-03-15,9295,2024-03-13,2030,016881,,3,2,9,0300,0,1,3,,1,053,SR-88,"SUGAR PINE DRIVE",528.00,E,N,A,-,Y,AMA,,88," "," ",34.309,H,,R,Y,3,0,1,1,A,-,08,22107,,N,E,I,A,A,H,-,D,D,0,,,,,Y,,A,07,0,1,0,0,0,0,0,0,0,"- ","- ",38.471828460693359,-120.52707672119141,AMADOR,UNINCORPORATED,-120.52703094482422,38.471832275390625
92339656,2024,2024-03-15,9295,2024-03-07,1601,019229,,4,2,9,0300,0,2,4,,2,012,"SHENANDOAH RD","SHENANDOAH CROSS RD",548.00,N,N,A,-,N,,,,,,,,,,Y,3,0,2,2,A,-,09,21801,A,N,D,C,A,A,H,-,A,D,0,,,,,Y,,J,48,0,1,1,0,0,0,0,0,0,"- ","- ",38.516899108886719,-120.82293701171875,AMADOR,UNINCORPORATED,-120.82972717285156,38.497493743896484
92339671,2024,2024-03-15,9295,2024-03-09,1924,020931,,6,2,9,0300,0,3,5,,2,003,"JACKSON VALLEY RD",SR-88,528.00,S,N,A,-,N,,,,,,,,,,N,3,0,1,1,A,-,08,22107,,N,F,A,A,A,H,-,D,D,0,,,,,Y,,-,"- ",0,1,0,0,0,0,0,0,0,"- ","- ",38.323448181152344,-120.906982421875,AMADOR,UNINCORPORATED,-120.96939849853516,38.307338714599609
92339684,2024,2024-03-15,9295,2024-03-14,1330,022458,,4,1,9,0300,0,2,4,,1,044,"RIDGE ROAD","RIDGE VIEW DRIVE",40.00,E,N,A,-,N,,,,,,,,,,Y,3,0,2,2,A,-,05,21460,,N,A,C,A,A,H,-,A,D,0,,,,,Y,,A,01,0,1,1,0,0,0,0,0,0,"- ","- ",38.399349212646484,-120.7357177734375,AMADOR,UNINCORPORATED,-120.73706817626953,38.398994445800781
92343770,2024,2024-03-21,9295,2024-03-12,1325,018488,,2,1,9,0300,0,1,3,,1,049,SR-49,"ST ELIZABETH LANE",0.00,,Y,B,C,Y,AMA,,49," "," ",13.669,H,,R,N,4,0,1,2,A,-,09,21801,A,N,D,C,A,B,H,-,A,D,0,,,,Y,Y,,F,26,0,0,1,0,0,0,0,0,0,"- ","- ",38.442279815673828,-120.85743713378906,AMADOR,UNINCORPORATED,-120.85746765136719,38.442207336425781
92347629,2024,2024-04-02,9295,2024-03-20,1015,018488,,3,1,9,0300,0,3,5,,2,003,"CAMANCHE PKY N","E. RANCHERO ROAD",2725.00,S,N,A,-,N,,,,,,,,,,Y,3,0,1,3,A,-,09,21801,A,N,D,C,A,A,H,-,A,D,0,,,Y,,Y,,A,08,0,1,0,0,0,0,0,0,1,"- ","- ",38.245288848876953,-121.00064086914062,AMADOR,UNINCORPORATED,-121.01526641845703,38.244869232177734
92349593,2024,2024-03-28,9295,2024-03-19,1930,016881,,2,2,9,0300,0,1,3,,1,064,SR-88,"HAMS STATION",3168.00,W,N,A,-,Y,AMA,,88," ",R,43.699,H,,R,Y,3,0,1,1,A,-,03,22350,,N,F,0,A,A,H,-,A,D,0,,,,Y,Y,,G,27,0,1,0,0,0,0,0,0,0,"- ","- ",38.53717041015625,-120.40032196044922,AMADOR,UNINCORPORATED,-120.40031433105469,38.537189483642578
92352511,2024,2024-04-02,9295,2024-03-20,2225,022881,,3,3,9,0300,0,1,3,,1,053,SR-88,"TABEAUD RD",250.00,W,N,A,-,Y,AMA,,88," ",R,24.087,H,,R,Y,4,0,2,1,A,-,08,22107,,N,E,I,A,A,H,-,D,D,0,,,,,Y,,A,01,0,0,2,0,0,0,0,0,0,"- ","- ",38.406070709228516,-120.64678192138672,AMADOR,UNINCORPORATED,-120.64691162109375,38.405948638916016
92352526,2024,2024-04-02,9295,2024-03-26,1345,019003,,2,1,9,0300,0,1,3,,1,053,SR-88,"PINE GROVE VOLCANO RD",800.00,E,N,B,-,Y,AMA,,88," "," ",23.531,H,,R,N,4,0,1,2,A,-,09,21802,A,N,D,C,A,A,H,-,A,D,0,,,Y,,Y,,A,01,0,0,1,0,0,0,0,0,1,"- ","- ",38.411800384521484,-120.65303802490234,AMADOR,UNINCORPORATED,-120.65306091308594,38.411788940429688
92353923,2024,2024-04-03,9295,2024-03-25,1353,018488,,1,1,9,0300,0,3,5,,2,002,"FIVE MILE DR","GOLF LINKS",560.00,N,N,A,-,N,,,,,,,,,,N,2,0,1,1,A,-,03,22350,,N,F,A,A,A,H,-,A,D,0,,,Y,,Y,,C,02,1,0,0,0,0,0,0,0,1,"- ","- ",38.356521606445312,-120.96643829345703,AMADOR,UNINCORPORATED,,
92359731,2024,2024-04-09,9295,2024-04-03,"940 ",018488,,3,1,9,0300,0,1,3,,1,016,SR-16,"WELSH POND ROAD",0.00,,Y,A,-,Y,AMA,,16," ",R,5.787,H,,R,N,3,0,1,2,A,-,03,22350,,N,C,C,A,A,H,-,A,D,0,,,,,Y,,A,01,0,1,0,0,0,0,0,0,0,"- ","- ",38.4576416015625,-120.9273681640625,AMADOR,UNINCORPORATED,-120.92739105224609,38.457611083984375
92360998,2024,2024-04-10,9295,2024-04-01,1520,022881,,1,2,9,0300,0,3,5,,2,005,SR-88,"PINE GROVE VOLCANO RD",1056.00,E,N,A,-,Y,AMA,,88," "," ",23.536,H,,R,Y,4,0,1,2,A,-,09,21801,A,N,A,C,A,A,H,-,A,D,0,,,,,Y,,A,01,0,0,1,0,0,0,0,0,0,"- ","- ",38.411758422851562,-120.65299224853516,AMADOR,UNINCORPORATED,-120.65301513671875,38.4117431640625
92362110,2024,2024-04-11,9295,2024-03-26,1650,019284,,2,2,9,0300,0,1,3,,1,031,SR-88,"BLUE SKY DR",246.00,W,N,A,-,Y,AMA,,88," "," ",9.197,H,,R,Y,4,0,1,2,A,-,01,23152,A,M,C,C,A,A,H,-,A,D,0,,,,,Y,Y,D,22,0,0,1,0,0,0,0,0,0,"- ","- ",38.343929290771484,-120.88002777099609,AMADOR,UNINCORPORATED,-120.88004302978516,38.343887329101562
92362134,2024,2024-04-16,9295,2024-04-07,1513,022458,,7,2,9,0300,0,1,3,,1,053,SR-88,"NOBB HILL CT",90.00,E,N,A,-,Y,AMA,,88," "," ",33.496,H,,R,Y,3,0,1,1,A,-,08,22107,,N,F,A,A,A,H,-,A,D,0,,,,,Y,,D,22,0,1,0,0,0,0,0,0,0,"- ","- ",38.460521697998047,-120.52723693847656,AMADOR,UNINCORPORATED,-120.52727508544922,38.460514068603516
92364273,2024,2024-04-18,9295,2024-04-04,1510,016881,,4,2,9,0300,0,1,3,,1,053,SR-88,"SIERRA CIRCLE DRIVE",1056.00,E,N,D,-,Y,AMA,,88," "," ",37.795,H,,R,Y,3,0,4,2,A,-,05,21460,A,N,A,C,A,C,H,-,A,D,0,,,,,Y,,D,22,0,2,2,0,0,0,0,0,0,"- ","- ",38.509788513183594,-120.48996734619141,AMADOR,UNINCORPORATED,-120.48995971679688,38.509788513183594
92372165,2024,2024-04-22,9295,2024-03-30,2215,018304,,6,3,9,0300,0,3,5,,2,001,"OLD SACRAMENTO RD","SPRING VALLEY RD",4224.00,W,N,B,-,N,,,,,,,,,,Y,3,0,1,1,A,-,08,22107,,M,E,8,A,A,H,-,D,D,0,,,,,Y,,A,07,0,1,0,0,0,0,0,0,0,"- ","- ",38.481071472167969,-120.89296722412109,AMADOR,UNINCORPORATED,-120.89313507080078,38.481037139892578
92373450,2024,2024-04-23,9295,2024-04-22,1601,019408,,1,2,9,0300,0,1,3,,1,031,"STATE HIGHWAY 88","WICKLOW WAY",0.00,,Y,A,-,Y,AMA,,88," "," ",13.460,H,,R,Y,4,0,1,2,A,-,09,21802,A,N,D,C,A,A,H,-,A,D,0,,,,,Y,,A,01,0,0,1,0,0,0,0,0,0,"- ","- ",38.361141204833984,-120.80683135986328,AMADOR,UNINCORPORATED,-120.80682373046875,38.361125946044922
92374397,2024,2024-04-24,9295,2024-04-12,1610,022458,,5,2,9,0300,0,2,4,,1,045,"RIDGE ROAD","LOGANS ALLEY",528.00,E,N,A,-,N,,,,,,,,,,Y,2,0,1,2,A,-,03,22350,,N,C,C,A,A,H,-,A,D,0,,,Y,,Y,,C,02,1,0,0,0,0,0,0,0,1,"- ","- ",38.413848876953125,-120.67247009277344,AMADOR,UNINCORPORATED,-120.67296600341797,38.413753509521484
92377216,2024,2024-04-29,9295,2024-04-13,"450 ",016994,,6,3,9,0300,0,3,5,,2,003,"CAMANCHE RD","CHOCTAW CT",132.00,N,N,B,-,N,,,,,,,,,,Y,3,0,1,1,A,-,08,22107,,N,E,I,A,A,H,-,D,D,0,,,,,Y,,A,01,0,1,0,0,0,0,0,0,0,"- ","- ",38.245761871337891,-120.94679260253906,AMADOR,UNINCORPORATED,-120.94676971435547,38.245754241943359
92377296,2024,2024-04-29,9295,2024-04-20,1140,019003,,6,1,9,0300,0,1,3,,1,042,SR-88,"TAVES RD",500.00,W,N,A,-,Y,AMA,,88," "," ",21.504,H,,R,Y,3,0,1,1,A,-,03,22350,,N,F,A,A,A,H,-,A,D,0,,,Y,,Y,,C,02,0,1,0,0,0,0,0,0,1,"- ","- ",38.39801025390625,-120.67752075195312,AMADOR,UNINCORPORATED,-120.67752075195312,38.39801025390625
92377534,2024,2024-04-29,9295,2024-04-13,2300,018304,,6,3,9,0300,0,3,5,,2,005,"SHAKE RIDGE ROAD","SOKES SPRINGS RD",243.00,E,N,B,-,N,,,,,,,,,,Y,4,0,1,1,A,-,01,23152,A,N,F,A,A,A,H,-,D,D,0,,,,,Y,Y,A,01,0,0,1,0,0,0,0,0,0,"- ","- ",38.441871643066406,-120.71942138671875,AMADOR,UNINCORPORATED,-120.72134399414062,38.4422607421875
92377741,2024,2024-04-29,9295,2024-04-19,2225,018304,,5,3,9,0300,0,1,3,,1,013,SR-49,"BELL RD (SOUTH)",5280.00,S,N,A,-,Y,AMA,,49," "," ",20.188,H,,R,Y,2,0,1,1,A,-,08,22107,,N,E,8,A,A,H,-,D,D,0,,,,,Y,,A,01,1,0,0,0,0,0,0,0,0,"- ","- ",38.523830413818359,-120.84736633300781,AMADOR,UNINCORPORATED,-120.84740447998047,38.523830413818359
92378580,2024,2024-04-30,9295,2024-04-21,1640,022881,,7,2,9,0300,0,3,5,,2,003,"BUENA VISTA RD","DEER RIDGE LANE",6336.00,S,N,A,-,N,,,,,,,,,,Y,3,0,1,1,A,-,08,22107,,N,E,I,A,A,H,-,A,D,0,,,,,Y,,A,01,0,1,0,0,0,0,0,0,0,"- ","- ",38.236888885498047,-120.88784027099609,AMADOR,UNINCORPORATED,-120.88017272949219,38.249504089355469
92380371,2024,2024-05-02,9295,2024-05-01,1835,019229,,3,2,9,0300,0,3,5,,2,003,"CAMANCHE PKWY N","LAKEVIEW DR",5280.00,W,N,A,-,N,,,,,,,,,,Y,3,0,1,1,A,-,08,22107,,N,E,I,A,A,H,-,A,D,0,,,,,Y,,A,07,0,1,0,0,0,0,0,0,0,"- ","- ",38.243419647216797,-120.97483062744141,AMADOR,UNINCORPORATED,-120.97892761230469,38.243442535400391
92380765,2024,2024-05-02,9295,2024-03-21,1730,016881,,4,2,9,0300,0,1,3,,1,053,SR-88,"OMO RANCH ROAD",5808.00,W,N,A,-,Y,AMA,,88," "," ",39.958,H,,R,Y,1,1,0,1,A,-,08,22107,,N,E,I,A,A,H,-,A,D,0,,,,,Y,,A,01,0,0,0,0,0,0,0,0,0,"- ","- ",38.517448425292969,-120.45751190185547,AMADOR,UNINCORPORATED,-120.45747375488281,38.517417907714844
92382415,2024,2024-05-06,9295,2024-04-19,1905,016994,,5,2,9,0300,0,1,3,,1,064,SR-88,"CAT CREEK RD",7920.00,E,N,A,-,Y,AMA,,88," "," ",47.535,H,,R,Y,3,0,1,1,A,-,01,23152,A,N,E,I,A,A,H,-,A,D,0,,,,,Y,Y,D,22,0,1,0,0,0,0,0,0,0,"- ","- ",38.54302978515625,-120.34303283691406,AMADOR,UNINCORPORATED,-120.34303283691406,38.543033599853516
92382427,2024,2025-06-16,9295,2024-04-21,1110,019284,,7,1,9,0300,0,3,5,,2,004,"SUTTER CREEK RD","BLACKWELL ROAD",3379.00,E,N,A,-,N,,,,,,,,,,Y,2,0,2,2,A,-,05,21460,A,N,B,C,A,A,H,-,A,D,0,,,,,Y,,A,01,2,0,0,0,0,0,0,0,0,"- ","- ",38.41162109375,-120.73586273193359,AMADOR,UNINCORPORATED,-120.73646545410156,38.411167144775391
92384223,2024,2024-08-06,9295,2024-04-07,1815,019079,,7,2,9,0300,0,3,5,,2,001,"FIDDLETOWN RD","MOUNT WHITNEY DR",55.00,E,N,A,-,N,,,,,,,,,,N,1,1,0,1,A,-,01,23152,A,N,E,I,A,A,H,-,A,D,0,,,,,Y,Y,D,22,0,0,0,0,0,0,0,0,0,"- ","- ",38.497421264648438,-120.72727203369141,AMADOR,UNINCORPORATED,-120.72727203369141,38.497371673583984
9238503,2021,2021-04-07,0305,2021-02-20,1801,N4131,0305,6,5,1,0305,0,0,0,,0,STC,"RIDGE RD","RT 49",120.00,E,N,A,-,Y,AMA,10,49,-,-,6.980,I,6,N,N,3,0,1,3,A,-,08,22107,,N,D,C,A,A,H,-,A,D,0,,,Y,,Y,,A,01,0,1,0,0,0,0,0,0,1,"- ","- ",38.378429412841797,-120.80240631103516,AMADOR,"SUTTER CREEK",-120.80241394042969,38.378421783447266
92386150,2024,2024-05-09,9295,2024-04-27,1340,019284,,6,1,9,0300,0,3,5,,2,003,"CAMANCHE PKWY N","CAMANCHE RD",1320.00,E,N,A,-,N,,,,,,,,,,N,4,0,1,1,A,-,03,22350,,N,E,I,A,A,H,-,A,D,0,,,Y,,Y,,C,02,0,0,1,0,0,0,0,0,1,"- ","- ",38.251258850097656,-120.93865203857422,AMADOR,UNINCORPORATED,-120.93869018554688,38.251144409179688
92388553,2024,2024-05-13,9295,2024-05-03,"0   ",016994,,5,3,9,0300,0,2,4,,2,012,"SHENANDOAH RD","DICKSON RD",3168.00,W,N,B,-,N,,,,,,,,,,Y,3,0,1,1,A,-,01,23152,A,N,E,I,A,A,H,-,D,A,0,,,,,Y,Y,D,22,0,1,0,0,0,0,0,0,0,"- ","- ",38.513721466064453,-120.82530212402344,AMADOR,UNINCORPORATED,-120.82534027099609,38.513374328613281
92393917,2024,2024-05-20,9295,2024-04-28,1020,019284,,7,1,9,0300,0,1,3,,1,049,SR-49,"SUTTER IONE RD",1901.00,S,N,A,-,Y,AMA,,49," ",R,8.314,H,,R,Y,2,0,1,1,A,-,08,22107,,N,F,A,A,A,H,-,A,D,0,,,,,Y,,A,07,1,0,0,0,0,0,0,0,0,"- ","- ",38.393348693847656,-120.81620025634766,AMADOR,UNINCORPORATED,-120.81632232666016,38.393333435058594
92393923,2024,2024-05-20,9295,2024-05-11,2250,022881,,6,3,9,0300,0,3,5,,2,001,"FIDDLETOWN RD","SILVER OAK LANE",100.00,W,N,A,-,N,,,,,,,,,,Y,3,0,1,1,A,-,08,22107,,N,F,A,A,A,H,-,D,D,0,,,,,Y,,A,01,0,1,0,0,0,0,0,0,0,"- ","- ",38.48223876953125,-120.81681823730469,AMADOR,UNINCORPORATED,-120.81314086914062,38.482795715332031
92395067,2024,2024-05-21,9295,2024-05-12,1808,022881,,7,2,9,0300,0,3,5,,2,003,"COAL MINE RD","BUENA VISTA RD",0.00,,Y,A,-,N,,,,,,,,,,Y,2,0,1,1,A,-,01,23152,A,N,E,I,A,A,H,-,A,A,0,,,,,Y,Y,A,01,1,0,0,0,0,0,0,0,0,"- ","- ",38.287239074707031,-120.91136932373047,AMADOR,UNINCORPORATED,-120.91158294677734,38.287189483642578
92400118,2024,2024-05-28,9295,2024-05-18,1635,022881,,6,2,9,0300,0,3,5,,2,003,"VILLAGE DRIVE","HOKO COURT",0.00,,Y,A,-,N,,,,,,,,,,Y,4,0,1,2,A,-,09,21802,A,N,D,C,A,A,H,-,A,A,0,,,,,Y,,D,22,0,0,1,0,0,0,0,0,0,"- ","- ",38.268909454345703,-120.96787261962891,AMADOR,UNINCORPORATED,-120.96787261962891,38.268871307373047
92400137,2024,2024-05-28,9295,2024-05-13,1535,022881,,1,2,9,0300,0,2,4,,1,044,SR-88,"CLIMAX ROAD",400.00,W,N,A,-,Y,AMA,,88," "," ",22.165,H,,R,N,2,0,1,2,A,-,09,21804,A,N,C,6,A,A,H,-,A,D,0,,Y,,,Y,,L,04,1,0,0,0,0,0,1,0,0,"- ","- ",38.405651092529297,-120.67047119140625,AMADOR,UNINCORPORATED,-120.67052459716797,38.405670166015625