CASE_ID,ACCIDENT_YEAR,PROC_DATE,JURIS,COLLISION_DATE,COLLISION_TIME,OFFICER_ID,REPORTING_DISTRICT,DAY_OF_WEEK,CHP_SHIFT,POPULATION,CNTY_CITY_LOC,SPECIAL_COND,BEAT_TYPE,CHP_BEAT_TYPE,CITY_DIVISION_LAPD,CHP_BEAT_CLASS,BEAT_NUMBER,PRIMARY_RD,SECONDARY_RD,DISTANCE,DIRECTION,INTERSECTION,WEATHER_1,WEATHER_2,STATE_HWY_IND,CALTRANS_COUNTY,CALTRANS_DISTRICT,STATE_ROUTE,ROUTE_SUFFIX,POSTMILE_PREFIX,POSTMILE,LOCATION_TYPE,RAMP_INTERSECTION,SIDE_OF_HWY,TOW_AWAY,COLLISION_SEVERITY,NUMBER_KILLED,NUMBER_INJURED,PARTY_COUNT,PRIMARY_COLL_FACTOR,PCF_CODE_OF_VIOL,PCF_VIOL_CATEGORY,PCF_VIOLATION,PCF_VIOL_SUBSECTION,HIT_AND_RUN,TYPE_OF_COLLISION,MVIW,PED_ACTION,ROAD_SURFACE,ROAD_COND_1,ROAD_COND_2,LIGHTING,CONTROL_DEVICE,CHP_ROAD_TYPE,PEDESTRIAN_ACCIDENT,BICYCLE_ACCIDENT,MOTORCYCLE_ACCIDENT,TRUCK_ACCIDENT,NOT_PRIVATE_PROPERTY,ALCOHOL_INVOLVED,STWD_VEHTYPE_AT_FAULT,CHP_VEHTYPE_AT_FAULT,COUNT_SEVERE_INJ,COUNT_VISIBLE_INJ,COUNT_COMPLAINT_PAIN,COUNT_PED_KILLED,COUNT_PED_INJURED,COUNT_BICYCLIST_KILLED,COUNT_BICYCLIST_INJURED,COUNT_MC_KILLED,COUNT_MC_INJURED,PRIMARY_RAMP,SECONDARY_RAMP,LATITUDE,LONGITUDE,COUNTY,CITY,POINT_X,POINT_Y
9240113,2021,2021-04-28,0300,2021-04-03,1045,B3324,PLC,6,5,1,0304,0,0,0,,0,020,"RT 49","POPLAR ST",0.00,,Y,A,-,Y,AMA,10,49,-,-,16.900,I,5,N,Y,3,0,1,3,A,-,03,22350,,N,C,C,A,A,H,-,A,D,0,,,,,Y,,A,01,0,1,0,0,0,0,0,0,0,"- ","- ",,,AMADOR,PLYMOUTH,-120.84783172607422,38.477840423583984
92402563,2024,2024-05-30,9295,2024-05-27,"640 ",014943,,1,1,9,0300,0,1,3,,1,064,SR-88,"PLASSES RD",1320.00,W,N,A,-,Y,AMA,,88," ",R,64.037,H,,R,Y,4,0,1,1,A,-,08,22107,,N,E,I,A,A,H,-,A,D,0,,,,Y,Y,,F,26,0,0,1,0,0,0,0,0,0,"- ","- ",38.647880554199219,-120.13252258300781,AMADOR,UNINCORPORATED,-120.1324462890625,38.647838592529297
92402574,2024,2024-05-30,9295,2024-05-28,1305,014943,,2,1,9,0300,0,1,3,,1,049,SR-49,"JACKSON GATE RD",0.00,,Y,A,-,Y,AMA,,49," "," ",6.102,H,,R,N,4,0,1,2,A,-,09,21453,B,N,F,A,A,A,H,-,A,A,0,,,Y,,Y,,A,01,0,0,1,0,0,0,0,0,1,"- ","- ",38.367240905761719,-120.79592895507812,AMADOR,UNINCORPORATED,-120.79586029052734,38.367271423339844
92404238,2024,2024-06-03,9295,2024-05-26,2335,020931,,7,3,9,0300,0,1,3,,1,031,"BUENA VISTA DR",SR-88,45.00,N,N,A,-,Y,AMA,,88," "," ",6.169,H,,R,Y,2,0,1,1,A,-,08,22107,,M,E,8,A,A,H,-,C,A,0,,,,,Y,,A,01,1,0,0,0,0,0,0,0,0,"- ","- ",38.322898864746094,-120.92684173583984,AMADOR,UNINCORPORATED,-120.92678070068359,38.322685241699219
92405360,2024,2024-06-04,9295,2024-05-28,"920 ",018488,,2,1,9,0300,0,1,3,,1,031,SR-88,SR-104,1120.00,W,N,A,-,Y,AMA,,88," "," ",7.173,H,,R,Y,4,0,1,2,B,-,22,,,N,B,C,A,A,H,-,A,A,0,,,,,Y,,A,07,0,0,1,0,0,0,0,0,0,"- ","- ",38.328769683837891,-120.91055297851562,AMADOR,UNINCORPORATED,-120.91053009033203,38.328746795654297
92405393,2024,2024-06-04,9295,2024-06-03,1700,019229,,1,2,9,0300,0,1,3,,1,013,SR-49,"BELL RD",56.00,S,N,A,-,Y,AMA,,49," "," ",21.443,H,,R,Y,4,0,1,2,A,-,03,22350,,N,C,C,A,A,H,-,A,D,0,,,,,Y,,D,22,0,0,1,0,0,0,0,0,0,"- ","- ",38.541629791259766,-120.84806823730469,AMADOR,UNINCORPORATED,-120.84807586669922,38.541629791259766
92406973,2024,2024-06-05,9295,2024-04-19,1805,022881,,5,2,9,0300,0,1,3,,1,053,SR-88,"SILVER DR",528.00,W,N,B,-,Y,AMA,,88," "," ",32.551,H,,R,Y,1,1,3,2,A,-,05,21460,A,N,A,C,A,A,H,-,A,D,0,,,,,Y,,A,07,2,0,1,0,0,0,0,0,0,"- ","- ",38.450401306152344,-120.527587890625,AMADOR,UNINCORPORATED,-120.52753448486328,38.450405120849609
92410276,2024,2024-06-10,9295,2024-06-02,1556,022458,,7,2,9,0300,0,1,3,,1,031,SR-88,SR-104,3168.00,E,N,A,-,Y,AMA,,88," "," ",7.978,H,,R,Y,4,0,1,2,A,-,03,22350,,N,B,C,A,A,H,-,A,D,0,,,,,Y,,E,22,0,0,1,0,0,0,0,0,0,"- ","- ",38.334880828857422,-120.89810180664062,AMADOR,UNINCORPORATED,-120.89811706542969,38.334880828857422
92410762,2024,2024-06-10,9295,2024-06-10,"830 ",019158,,1,1,9,0300,0,2,4,,1,044,"RIDGE ROAD","HAMRICKS GRADE",2000.00,E,N,A,-,N,,,,,,,,,,N,3,0,1,1,A,-,08,22107,,N,E,I,A,A,H,-,A,D,0,,,Y,,Y,,C,02,0,1,0,0,0,0,0,0,1,"- ","- ",38.400230407714844,-120.74639129638672,AMADOR,UNINCORPORATED,-120.74665069580078,38.400321960449219
92418340,2024,2024-06-19,9295,2024-06-08,1031,019284,,6,1,9,0300,0,1,3,,1,031,SR-88,SR-104,0.00,,Y,A,-,Y,AMA,,88," "," ",7.389,H,,R,Y,4,0,1,2,A,-,09,21802,A,N,D,C,A,A,H,-,A,A,0,,,,,Y,,A,01,0,0,1,0,0,0,0,0,0,"- ","- ",38.330131530761719,-120.90705871582031,AMADOR,UNINCORPORATED,-120.90703582763672,38.330081939697266
92421703,2024,2024-06-24,9295,2024-06-16,"708 ",019158,,7,1,9,0300,0,1,3,,2,024,SR-124,SR-16,1320.00,S,N,A,-,Y,AMA,,124," ",R,10.132,H,,R,Y,3,0,1,1,A,-,08,22107,,N,E,I,A,A,H,-,A,D,0,,,,,Y,,A,01,0,1,0,0,0,0,0,0,0,"- ","- ",38.450920104980469,-120.87315368652344,AMADOR,UNINCORPORATED,-120.87314605712891,38.450920104980469
92422734,2024,2024-06-25,9295,2024-06-24,1526,019408,,1,2,9,0300,0,1,3,,1,049,"STATE HIGHWAY 49","OLD HIGHWAY 49",0.00,,Y,A,-,Y,AMA,,49," ",R,10.760,H,,R,Y,4,0,1,2,A,-,03,22350,,N,D,C,A,A,H,-,A,A,0,,,,,Y,,D,22,0,0,1,0,0,0,0,0,0,"- ","- ",38.419948577880859,-120.84105682373047,AMADOR,UNINCORPORATED,-120.84124755859375,38.419895172119141
92425280,2024,2024-06-27,9295,2024-06-14,1745,022881,,5,2,9,0300,0,3,5,,2,001,"FIDDLETOWN RD","MOUNT WHITNEY DRIVE",1373.00,W,N,A,-,N,,,,,,,,,,Y,2,0,2,2,A,-,05,21460,A,N,A,C,A,A,H,-,A,D,0,,,,,Y,,D,22,2,0,0,0,0,0,0,0,0,"- ","- ",38.496978759765625,-120.73142242431641,AMADOR,UNINCORPORATED,-120.73204040527344,38.496967315673828
92427275,2024,2024-07-01,9295,2024-06-16,"230 ",016994,,7,3,9,0300,0,1,3,,1,049,SR-49,"NEW CHICAGO RD",190.00,N,N,A,-,Y,AMA,,49," "," ",13.536,H,,R,Y,3,0,1,1,A,-,01,23152,A,N,E,8,A,A,H,-,D,D,0,,,,,Y,Y,D,22,0,1,0,0,0,0,0,0,0,"- ","- ",38.441471099853516,-120.85523223876953,AMADOR,UNINCORPORATED,-120.85527801513672,38.441448211669922
92427738,2024,2024-11-06,9295,2024-06-09,"103 ",016994,,7,3,9,0300,0,2,4,,2,012,"SHENANDOAH RD","FIDDLETOWN RD",1056.00,E,N,A,-,N,,,,,,,,,,Y,1,1,0,1,A,-,08,22107,,N,E,I,A,A,H,-,D,D,0,,,,,Y,,A,01,0,0,0,0,0,0,0,0,0,"- ","- ",38.486118316650391,-120.83502197265625,AMADOR,UNINCORPORATED,-120.83499908447266,38.485858917236328
92428450,2024,2024-07-02,9295,2024-06-28,1045,019158,,5,1,9,0300,0,1,3,,1,049,SR-49,"RIDGE ROAD",520.00,S,N,A,-,Y,AMA,,49," "," ",6.880,H,,R,Y,3,0,2,2,A,-,09,21804,A,N,D,C,A,A,H,-,A,D,0,,,,,Y,,A,01,0,1,1,0,0,0,0,0,0,"- ","- ",38.377048492431641,-120.80184173583984,AMADOR,UNINCORPORATED,-120.80184936523438,38.377048492431641
92432676,2024,2024-07-08,9295,2024-06-30,1110,019284,,7,1,9,0300,0,1,3,,1,049,SR-49,"ARGONAUT LN",157.00,N,N,A,-,Y,AMA,,49," "," ",5.727,H,,R,Y,3,0,2,2,A,-,09,21804,A,N,D,C,A,A,H,-,A,D,0,,,,,Y,,A,07,0,1,1,0,0,0,0,0,0,"- ","- ",38.365631103515625,-120.78983306884766,AMADOR,UNINCORPORATED,-120.78983306884766,38.365642547607422
92432702,2024,2024-07-08,9295,2024-07-02,1730,016881,,2,2,9,0300,0,1,3,,1,049,SR-49,"ARGONAUT LANE",150.00,N,N,A,-,Y,AMA,,49," "," ",5.729,H,,R,Y,4,0,1,3,A,-,03,22350,,N,C,C,A,A,H,-,A,D,0,,,,,Y,,A,01,0,0,1,0,0,0,0,0,0,"- ","- ",38.365558624267578,-120.78987121582031,AMADOR,UNINCORPORATED,-120.78989410400391,38.365627288818359
92432736,2024,2024-07-08,9295,2024-07-03,1315,020931,,3,1,9,0300,0,3,5,,2,004,"SHAKE RIDGE ROAD","ONETO ROAD",4224.00,E,N,A,-,N,,,,,,,,,,N,3,0,1,1,A,-,08,22107,,N,F,A,A,A,H,-,A,D,0,,,,,Y,,A,07,0,1,0,0,0,0,0,0,0,"- ","- ",38.422920227050781,-120.76187896728516,AMADOR,UNINCORPORATED,-120.76251220703125,38.422916412353516
92432773,2024,2024-07-08,9295,2024-07-04,"905 ",019408,,4,1,9,0300,0,1,3,,1,016,"STATE HIGHWAY 16","LATROBE ROAD",0.00,,Y,A,-,Y,AMA,,16," ",R,6.392,H,,R,Y,3,0,2,2,A,-,09,21802,A,N,B,C,A,A,H,-,A,D,0,,,,,Y,,A,07,0,1,1,0,0,0,0,0,0,"- ","- ",38.453159332275391,-120.91790008544922,AMADOR,UNINCORPORATED,-120.91789245605469,38.453170776367188
92440785,2024,2024-07-16,9295,2024-07-13,2100,019284,,6,2,9,0300,0,3,5,,2,003,"PARDEE DAM RD","SAN ANDREAS COUNTY LINE",597.00,N,N,A,-,N,,,,,,,,,,N,3,0,1,1,A,-,03,22350,,N,F,A,A,A,H,-,D,D,0,,Y,,,Y,,L,04,0,1,0,0,0,0,1,0,0,"- ","- ",38.257919311523438,-120.85192108154297,AMADOR,UNINCORPORATED,,
92440792,2024,2024-07-16,9295,2024-07-06,1829,019284,,6,2,9,0300,0,1,3,,1,053,SR-88,"COLUMBIA DR",612.00,E,N,A,-,Y,AMA,,88," "," ",33.279,H,,R,Y,3,0,1,2,A,-,01,23152,A,M,D,C,A,A,H,-,A,D,0,,,,,Y,Y,D,22,0,1,0,0,0,0,0,0,0,"- ","- ",38.459598541259766,-120.53025054931641,AMADOR,UNINCORPORATED,-120.53022003173828,38.459514617919922
92442489,2024,2024-07-18,9295,2024-07-15,1136,019408,,1,1,9,0300,0,1,3,,1,053,"STATE HIGHWAY 88","BERRY ST",145.00,W,N,A,-,Y,AMA,,88," "," ",23.065,H,,R,Y,4,0,1,2,A,-,09,21804,A,N,D,C,A,A,H,-,A,D,0,,,,,Y,,A,01,0,0,1,0,0,0,0,0,0,"- ","- ",38.413688659667969,-120.66059875488281,AMADOR,UNINCORPORATED,-120.66060638427734,38.413650512695312
9256323,2021,2021-07-09,0303,2021-03-04,1904,X8255,,4,5,2,0303,0,0,0,,0,JKC,"RT 49","MARCUCCI LN",0.00,,Y,A,-,Y,AMA,10,49,-,-,3.890,I,5,N,N,1,1,0,2,A,-,03,22350,,N,G,B,D,A,H,-,C,D,0,Y,,,,Y,Y,A,01,0,0,0,1,0,0,0,0,0,"- ","- ",38.348800659179688,-120.77410125732422,AMADOR,JACKSON,-120.77127075195312,38.345626831054688
92571994,2024,2024-07-23,9295,2024-07-14,1810,019284,,7,2,9,0300,0,3,5,,2,004,"SHAKE RIDGE RD","BUCKEYE DRIVE",2165.00,W,N,A,-,N,,,,,,,,,,Y,4,0,1,1,A,-,08,22107,,N,E,I,A,A,H,-,A,D,0,,,,,Y,,D,22,0,0,1,0,0,0,0,0,0,"- ","- ",38.453811645507812,-120.66715240478516,AMADOR,UNINCORPORATED,-120.66721343994141,38.453800201416016
92572122,2024,2024-07-23,9295,2024-07-21,1925,019284,,7,2,9,0300,0,1,3,,1,031,SR-88,"BLUE SKY DR",280.00,W,N,A,-,Y,AMA,,88," "," ",9.151,H,,R,N,4,0,2,1,A,-,08,22107,,N,E,I,A,A,H,-,A,D,0,,,,,Y,,-,"- ",0,0,2,0,0,0,0,0,0,"- ","- ",38.343959808349609,-120.88088226318359,AMADOR,UNINCORPORATED,-120.88087463378906,38.344013214111328
92601734,2024,2024-07-25,9295,2024-07-13,1053,022458,,6,1,9,0300,0,1,3,,2,055,SR-26,"HAGERMAN ROAD",2640.00,E,N,A,-,Y,AMA,,26," "," ",0.116,H,,R,N,4,0,1,2,A,-,03,22350,,M,C,C,A,A,D,-,A,A,0,,,,,Y,,-,"- ",0,0,1,0,0,0,0,0,0,"- ","- ",38.423191070556641,-120.54297637939453,AMADOR,UNINCORPORATED,-120.54305267333984,38.423229217529297
92700320,2024,2024-07-26,9295,2024-07-17,1820,016881,,3,2,9,0300,0,1,3,,2,055,SR-26,"DEFENDER GRADE",1056.00,N,N,A,-,Y,AMA,,26," "," ",1.267,H,,R,Y,3,0,1,1,A,-,08,22107,,N,E,I,A,A,H,-,A,D,0,,,,,Y,,A,07,0,1,0,0,0,0,0,0,0,"- ","- ",38.418010711669922,-120.56121826171875,AMADOR,UNINCORPORATED,-120.56123352050781,38.418033599853516
9278106,2021,2021-06-24,0303,2021-05-04,1517,X8255,JKC,2,5,2,0303,0,0,0,,0,JKC,"WATER ST","PITT STREET",180.00,E,N,A,-,N,,,,,,,,,,Y,3,0,1,1,A,-,05,21650,,N,E,I,A,A,H,-,A,A,0,,,,,Y,,A,01,0,1,0,0,0,0,0,0,0,"- ","- ",38.350990295410156,-120.77114105224609,AMADOR,JACKSON,-120.77107238769531,38.350654602050781
9278304,2021,2021-06-28,0303,2021-03-08,1150,D1590,JKC,1,5,2,0303,0,0,0,,0,JKC,"RT 49",BROADWAY,0.00,,Y,A,-,Y,AMA,10,49,-,-,3.120,I,5,N,N,3,0,1,2,A,-,09,21804,A,N,D,C,A,A,H,-,A,A,0,,,,,Y,,A,07,0,1,0,0,0,0,0,0,0,"- ","- ",38.348800659179688,-120.77410125732422,AMADOR,JACKSON,-120.76097869873047,38.338367462158203
9280162,2021,2021-06-21,0303,2021-04-03,0546,H8348,JKC,6,5,2,0303,0,0,0,,0,JKC,"RT 49","VOGAN TOLL RD",0.00,,Y,A,-,Y,AMA,10,49,-,-,5.030,I,5,S,N,3,0,2,2,D,-,00,,,N,H,B,E,A,H,-,A,D,0,Y,Y,,,Y,,-,"- ",0,2,0,0,1,0,1,0,0,"- ","- ",38.3585205078125,-120.78307342529297,AMADOR,JACKSON,-120.78286743164062,38.358123779296875
9280174,2021,2021-06-21,0303,2021-05-17,1145,D1590,JKC,1,5,2,0303,0,0,0,,0,JKC,"MAIN ST","RT 49",0.00,,Y,A,-,Y,AMA,10,49,-,-,4.320,I,5,N,Y,4,0,1,2,A,-,03,22350,,N,C,C,A,A,H,-,A,A,0,,,,,Y,,A,07,0,0,1,0,0,0,0,0,0,"- ","- ",39.306568145751953,-123.79360961914062,AMADOR,JACKSON,-120.77541351318359,38.350418090820312
9287715,2021,2021-07-30,0305,2021-07-04,2037,F1217,0305,7,5,1,0305,0,0,0,,0,STC,"RT 49","SUTTER IONE RD",772.00,S,N,A,-,Y,AMA,10,49,-,-,4.430,H,-,N,Y,3,0,1,1,A,-,03,22350,,N,F,A,A,A,H,-,B,D,0,,,,,Y,,D,72,0,1,0,0,0,0,0,0,0,"- ","- ",37.331020355224609,-119.65557098388672,AMADOR,"SUTTER CREEK",-120.776123046875,38.351959228515625
9296890,2021,2021-09-21,0303,2021-06-06,1134,D1590,,7,5,2,0303,0,0,0,,0,JKC,"RT 49","DETERT PARK",0.00,,Y,A,-,Y,AMA,10,88,-,-,4.690,H,-,W,Y,2,0,1,2,A,-,09,21804,A,N,D,C,A,A,H,-,A,D,0,,,Y,,Y,,D,22,1,0,0,0,0,0,0,0,1,"- ","- ",38.35491943359375,-120.77792358398438,AMADOR,JACKSON,-120.94969940185547,38.312412261962891
9300627,2021,2021-08-17,0302,2021-07-07,0552,R0846,IOC,3,5,2,0302,0,0,0,,0,IOC,"RT 104","5 MILE DR",1320.00,E,N,A,-,Y,AMA,10,104,-,R,4.270,H,-,E,Y,3,0,2,2,A,-,08,22107,,N,D,C,A,A,H,-,A,D,0,,,,,Y,,A,01,0,1,1,0,0,0,0,0,0,"- ","- ",38.368801116943359,-120.95934295654297,AMADOR,IONE,-120.95613098144531,38.367542266845703
9300837,2021,2021-08-20,0302,2021-07-28,1226,C9844,IOC,3,5,2,0302,0,0,0,,0,IOC,"SHAKELEY LN","SUTTER LN",0.00,,Y,A,-,N,,,,,,,,,,N,4,0,1,2,A,-,09,21800,,N,H,C,A,A,H,-,A,D,0,,,,,Y,,A,07,0,0,1,0,0,0,0,0,0,"- ","- ",38.352691650390625,-120.93271636962891,AMADOR,IONE,-120.94174194335938,38.353672027587891
9301192,2021,2021-08-27,0302,2021-07-03,1421,X3850,IOC,6,5,2,0302,0,0,0,,0,IOC,"RT 104","S ARROYO SECO ST",150.00,W,N,A,-,Y,AMA,10,104,-,R,6.190,H,-,W,N,3,0,1,1,A,-,08,22107,,N,E,I,A,A,H,-,A,D,0,,,,,Y,,A,01,0,1,0,0,0,0,0,0,0,"- ","- ",38.350448608398438,-120.93180084228516,AMADOR,IONE,-120.93136596679688,38.350643157958984
9302372,2021,2021-08-12,0302,2021-03-05,1456,C9844,IOC,5,5,2,0302,0,0,0,,0,IOC,"S BUENA VISTA ST","MAIN ST",0.00,,Y,A,-,N,,,,,,,,,,N,3,0,1,2,A,-,11,21950,B,N,H,G,A,A,H,-,A,D,0,,Y,,,Y,,A,01,0,1,0,0,0,0,1,0,0,"- ","- ",38.352439880371094,-120.93408203125,AMADOR,IONE,-120.93422698974609,38.352546691894531
93097472,2024,2024-08-01,9295,2024-07-20,"735 ",019158,,6,1,9,0300,0,1,3,,1,031,SR-88,"LOWER RIDGE ROAD",5280.00,W,N,A,-,Y,AMA,,88," "," ",11.680,H,,R,Y,4,0,1,1,A,-,08,22107,,N,E,I,A,A,H,-,A,D,0,,,,,Y,,A,01,0,0,1,0,0,0,0,0,0,"- ","- ",38.351959228515625,-120.83750915527344,AMADOR,UNINCORPORATED,-120.8375244140625,38.351993560791016
9312205,2021,2021-10-05,0303,2021-07-02,1223,T3694,,5,5,2,0303,0,0,0,,0,060,"RT 49","FRENCH BAR RD",125.00,N,N,A,-,Y,AMA,10,49,-,-,3.640,H,-,N,Y,3,0,2,4,A,-,05,21650,,N,A,C,A,A,H,-,A,D,0,,,,,Y,,A,01,0,1,1,0,0,0,0,0,0,"- ","- ",36.77825927734375,-119.41793060302734,AMADOR,JACKSON,-120.7677001953125,38.343120574951172
9320130,2021,2022-02-17,0303,2021-09-24,0409,X7501,JKC,5,5,2,0303,0,0,0,,0,JKC,"PITT ST","PITT ST 420",0.00,,N,A,-,N,,,,,,,,,,Y,2,0,1,2,A,-,01,23152,A,N,A,I,A,A,H,-,D,D,0,,,,,Y,Y,M,96,1,0,0,0,0,0,0,0,0,"- ","- ",38.350250244140625,-120.76907348632812,AMADOR,JACKSON,-120.770329,38.349780000000003
9320236,2021,2023-06-17,0305,2021-09-18,1910,E1217,0305,6,5,1,0305,0,0,0,,0,STC,"RIDGE RD","LOCOMOTIVE LN",1056.00,E,N,A,-,N,,,,,,,,,,Y,1,1,1,1,C,-,18,,,N,F,A,A,A,H,-,A,D,0,,,,,Y,,-,"- ",1,0,0,0,0,0,0,0,0,"- ","- ",32.954948425292969,-117.241943359375,AMADOR,"SUTTER CREEK",-120.81639862060547,38.368118286132812
9320366,2021,2022-03-24,0303,2021-11-03,0914,X7501,JKC,3,5,2,0303,0,0,0,,0,JKC,"RT 49","RT 88",0.00,,Y,A,-,Y,AMA,10,49,-,-,4.029,I,5,N,N,1,1,0,2,A,-,10,21950,A,N,G,B,B,A,H,-,A,A,0,Y,,,Y,Y,,F,26,0,0,0,1,0,0,0,0,0,"- ","- ",38.365348815917969,-120.79473876953125,AMADOR,JACKSON,-120.77312469482422,38.346889495849609
93493862,2024,2024-08-06,9295,2024-07-20,"455 ",018304,,6,3,9,0300,0,1,3,,1,049,SR-49,SR-16,2112.00,S,N,A,-,Y,AMA,,49," "," ",14.281,H,,R,Y,4,0,1,1,A,-,08,22107,,N,E,I,A,A,H,-,D,D,0,,,,Y,Y,,F,26,0,0,1,0,0,0,0,0,0,"- ","- ",38.449420928955078,-120.86361694335938,AMADOR,UNINCORPORATED,-120.86365509033203,38.449405670166016
9359657,2021,2021-11-24,0303,2021-09-01,1724,A4061,JKC,3,5,2,0303,0,0,0,,0,JKC,"RT 49","FRENCH BAR RD",0.00,,Y,A,-,Y,AMA,10,49,-,-,3.610,H,-,N,N,3,0,1,2,A,-,03,22350,,N,C,C,A,A,H,-,A,A,0,,,,,Y,,A,01,0,1,0,0,0,0,0,0,0,"- ","- ",38.346450805664062,-120.76735687255859,AMADOR,JACKSON,-120.767333984375,38.342864990234375
93686592,2024,2024-08-06,9295,2024-07-21,"100 ",016994,,7,3,9,0300,0,1,3,,1,016,SR-16,"GREILICH RD",224.00,W,N,A,-,Y,AMA,,16," "," ",8.212,H,,R,Y,3,0,1,1,A,-,01,23152,A,N,E,I,A,A,H,-,D,D,0,,,,,Y,Y,D,22,0,1,0,0,0,0,0,0,0,"- ","- ",38.449748992919922,-120.88819122314453,AMADOR,UNINCORPORATED,-120.88817596435547,38.44970703125
93697925,2024,2024-08-06,9295,2024-08-03,2300,016994,,6,3,9,0300,0,1,3,,1,049,SR-49,SR-16,1584.00,S,N,B,-,Y,AMA,,49," "," ",14.395,H,,R,Y,4,0,2,2,A,-,08,22107,,N,D,C,A,A,H,-,D,D,0,,,,,Y,,D,22,0,0,2,0,0,0,0,0,0,"- ","- ",38.450839996337891,-120.86469268798828,AMADOR,UNINCORPORATED,-120.86465454101562,38.450851440429688
93767927,2024,2024-08-07,9295,2024-08-04,1115,020931,,7,1,9,0300,0,1,3,,1,031,"SR-88 W/B","BLUE SKY DR",500.00,E,N,A,-,Y,AMA,,88," "," ",9.270,H,,L,Y,3,0,1,1,A,-,03,22350,,N,F,A,A,A,H,-,A,D,0,,,Y,,Y,,C,02,0,1,0,0,0,0,0,0,1,"- ","- ",38.343509674072266,-120.87876892089844,AMADOR,UNINCORPORATED,-120.87875366210938,38.343547821044922
93768080,2024,2024-08-07,9295,2024-07-27,2200,018304,,6,3,9,0300,0,3,5,,2,001,"OLD SACRAMENTO RD",SR-16,4224.00,N,N,A,-,Y,,,,,,,,,,N,3,0,1,1,A,-,08,22107,,N,F,A,A,A,H,-,D,D,0,,,Y,,Y,Y,C,02,0,1,0,0,0,0,0,0,1,"- ","- ",38.474330902099609,-120.94200897216797,AMADOR,UNINCORPORATED,-120.94197845458984,38.474231719970703
9379467,2021,2022-01-26,0303,2021-12-20,1229,X8255,,1,5,2,0303,0,0,0,,0,JKC,"RT 49","JACKSON CREEK PLZ",0.00,,Y,A,-,Y,AMA,10,49,-,-,3.760,H,-,S,Y,3,0,1,2,A,-,09,21802,B,N,D,C,A,A,H,-,A,A,0,,,,,Y,,D,22,0,1,0,0,0,0,0,0,0,"- ","- ",38.348800659179688,-120.77410125732422,AMADOR,JACKSON,-120.76934051513672,38.344276428222656
9379747,2021,2022-02-04,0305,2021-12-19,1528,M5116,0305,7,5,1,0305,0,0,0,,0,STC,"RT 49","RIDGE RD",152.00,S,N,B,-,Y,AMA,10,49,-,-,6.950,H,-,S,Y,4,0,3,2,A,-,09,21804,A,N,D,C,A,A,H,-,A,A,0,,,,,Y,,A,01,0,0,3,0,0,0,0,0,0,"- ","- ",38.392971038818359,-120.80243682861328,AMADOR,"SUTTER CREEK",-120.80226898193359,38.378002166748047
94041071,2024,2024-08-19,9295,2024-08-09,1158,020931,,5,1,1,0301,0,1,3,,1,049,SR-49,"SUTTER IONE RD",0.00,,Y,A,-,Y,AMA,,49," ",R,8.740,H,,R,Y,3,0,2,2,A,-,09,21802,A,N,D,C,A,A,H,-,A,A,0,,,,,Y,,A,01,0,1,1,0,0,0,0,0,0,"- ","- ",38.399261474609375,-120.81813812255859,AMADOR,"AMADOR CITY",-120.81824493408203,38.399208068847656
9414651,2022,2022-02-24,0303,2022-02-05,1244,H8348,JKC,6,5,2,0303,0,0,0,,0,JKC,"ROLLINGWOOD DR","ROLLINGWOOD DR 20",0.00,,Y,A,-,N,,,,,,,,,,N,3,0,1,3,A,-,21,22106,,N,G,B,E,A,H,-,A,D,0,Y,,,,Y,,A,01,0,1,0,0,1,0,0,0,0,"- ","- ",38.363811492919922,-120.7664794921875,AMADOR,JACKSON,-120.765152,38.363115000000001
9421774,2022,2022-03-21,0305,2022-02-16,0751,F1217,0305,3,5,1,0305,0,0,0,,0,STC,"SPANISH ST","SUTTER IONE RD",0.00,,Y,A,-,N,,,,,,,,,,N,3,0,1,2,A,-,09,21802,A,N,D,D,A,A,H,-,A,A,0,,,,,Y,,A,07,0,1,0,0,0,0,0,0,0,"- ","- ",38.399349212646484,-120.80992126464844,AMADOR,"SUTTER CREEK",-120.80996704101562,38.399425506591797
9433561,2022,2022-10-28,0300,2022-10-09,1732,P8978,PLC,7,5,1,0304,0,0,0,,0,020,"RT 49","MAIN ST",336.00,S,N,A,-,Y,AMA,10,49,-,-,17.160,H,-,S,N,3,0,1,1,A,-,03,22350,,N,H,A,A,A,H,-,A,D,0,,,Y,,Y,,C,02,0,1,0,0,0,0,0,0,1,"- ","- ",38.481311798095703,-120.84542083740234,AMADOR,PLYMOUTH,-120.84530639648438,38.480995178222656
94355457,2024,2024-08-15,9295,2024-08-04,2500,022881,,7,4,9,0300,0,1,3,,1,053,SR-88,"INSPIRATION DR  WEST",90.00,W,N,A,-,Y,AMA,,88," "," ",34.530,H,,R,Y,2,0,1,1,A,-,08,22107,,N,F,A,A,A,H,-,D,D,0,,,Y,,Y,,C,06,1,0,0,0,0,0,0,0,1,"- ","- ",38.475139617919922,-120.52577209472656,AMADOR,UNINCORPORATED,-120.52573394775391,38.475124359130859
94359872,2024,2024-08-19,9295,2024-08-07,2055,016994,,3,2,9,0300,0,1,3,,2,020,"SR-88 TO SR-104",SR-88,181.00,N,N,A,-,Y,AMA,,104," ",R,8.161,H,,R,Y,2,0,1,1,A,-,01,23152,A,N,E,I,A,A,H,-,C,D,0,,,Y,,Y,Y,C,02,1,0,0,0,0,0,0,0,1,"- ","- ",38.330699920654297,-120.906982421875,AMADOR,UNINCORPORATED,-120.90723419189453,38.330635070800781