CASE_ID,ACCIDENT_YEAR,PROC_DATE,JURIS,COLLISION_DATE,COLLISION_TIME,OFFICER_ID,REPORTING_DISTRICT,DAY_OF_WEEK,CHP_SHIFT,POPULATION,CNTY_CITY_LOC,SPECIAL_COND,BEAT_TYPE,CHP_BEAT_TYPE,CITY_DIVISION_LAPD,CHP_BEAT_CLASS,BEAT_NUMBER,PRIMARY_RD,SECONDARY_RD,DISTANCE,DIRECTION,INTERSECTION,WEATHER_1,WEATHER_2,STATE_HWY_IND,CALTRANS_COUNTY,CALTRANS_DISTRICT,STATE_ROUTE,ROUTE_SUFFIX,POSTMILE_PREFIX,POSTMILE,LOCATION_TYPE,RAMP_INTERSECTION,SIDE_OF_HWY,TOW_AWAY,COLLISION_SEVERITY,NUMBER_KILLED,NUMBER_INJURED,PARTY_COUNT,PRIMARY_COLL_FACTOR,PCF_CODE_OF_VIOL,PCF_VIOL_CATEGORY,PCF_VIOLATION,PCF_VIOL_SUBSECTION,HIT_AND_RUN,TYPE_OF_COLLISION,MVIW,PED_ACTION,ROAD_SURFACE,ROAD_COND_1,ROAD_COND_2,LIGHTING,CONTROL_DEVICE,CHP_ROAD_TYPE,PEDESTRIAN_ACCIDENT,BICYCLE_ACCIDENT,MOTORCYCLE_ACCIDENT,TRUCK_ACCIDENT,NOT_PRIVATE_PROPERTY,ALCOHOL_INVOLVED,STWD_VEHTYPE_AT_FAULT,CHP_VEHTYPE_AT_FAULT,COUNT_SEVERE_INJ,COUNT_VISIBLE_INJ,COUNT_COMPLAINT_PAIN,COUNT_PED_KILLED,COUNT_PED_INJURED,COUNT_BICYCLIST_KILLED,COUNT_BICYCLIST_INJURED,COUNT_MC_KILLED,COUNT_MC_INJURED,PRIMARY_RAMP,SECONDARY_RAMP,LATITUDE,LONGITUDE,COUNTY,CITY,POINT_X,POINT_Y
94879643,2025,2025-10-09,9295,2025-09-27,"928 ",018888,,6,1,9,0300,0,1,3,,1,031,SR-88,SR-104,0.00,,Y,A,-,Y,AMA,,88," "," ",7.389,H,,R,Y,3,0,2,3,A,-,09,21801,A,N,A,C,A,A,H,-,A,A,0,,,,,Y,,D,22,0,1,1,0,0,0,0,0,0,"- ","- ",38.329959869384766,-120.90699768066406,AMADOR,UNINCORPORATED,-120.90705108642578,38.330078125
94879776,2025,2025-10-09,9295,2025-10-04,1000,019534,,6,1,9,0300,0,3,5,,2,005,SR88,"OMO RANCH RD",100.00,E,N,A,-,Y,AMA,,88," "," ",41.203,H,,R,Y,3,0,1,2,A,-,05,21460,,N,A,C,A,A,H,-,A,D,0,,,Y,,Y,,C,02,0,1,0,0,0,0,0,0,1,"- ","- ",38.5283203125,-120.4417724609375,AMADOR,UNINCORPORATED,-120.44178009033203,38.528331756591797
94880127,2025,2025-10-09,9295,2025-10-05,2022,016994,,7,2,9,0300,0,3,5,,2,003,"CAMANCHE PKWY N.","SAN JOAQUIN COUNTY LINE",6336.00,E,N,A,-,N,,,,,,,,,,N,2,0,1,1,A,-,08,22107,,N,F,A,A,A,H,-,D,A,0,,,Y,,Y,,C,02,1,0,0,0,0,0,0,0,1,"- ","- ",38.245128631591797,-120.98565673828125,AMADOR,UNINCORPORATED,,
94880223,2025,2025-10-09,9295,2025-10-08,1205,019534,,3,1,9,0300,0,1,3,,1,053,SR-88,"CLIMAX RD",0.00,,Y,A,-,Y,AMA,,88," "," ",22.253,H,,R,Y,4,0,1,2,A,-,03,22350,,N,C,C,A,A,H,-,A,D,0,,,,,Y,,E,22,0,0,1,0,0,0,0,0,0,"- ","- ",38.4068603515625,-120.66999053955078,AMADOR,UNINCORPORATED,-120.67005920410156,38.406871795654297
94881759,2025,2025-10-10,9295,2025-10-03,1115,018888,,5,1,9,0300,0,3,5,,2,005,SR-88,"ROCKY LANE",366.00,W,N,A,-,Y,AMA,,88," ",R,27.023,H,,R,Y,4,0,2,3,A,-,03,22350,,N,C,C,A,A,H,-,A,D,0,,,,,Y,,A,07,0,0,2,0,0,0,0,0,0,"- ","- ",38.418041229248047,-120.60707855224609,AMADOR,UNINCORPORATED,-120.60711669921875,38.418083190917969
94883992,2025,2025-10-13,9295,2025-10-04,2225,020931,,6,3,9,0300,0,3,5,,2,003,"BUENA VISTA RD","CALAVERAS COUNTY LINE",1056.00,N,N,A,-,N,,,,,,,,,,Y,3,0,3,2,A,-,01,23152,A,N,A,C,A,A,H,-,D,D,0,,,,,Y,Y,A,01,0,3,0,0,0,0,0,0,0,"- ","- ",38.229290008544922,-120.89186096191406,AMADOR,UNINCORPORATED,,
94884144,2025,2025-10-13,9295,2025-10-10,2310,020931,,5,3,9,0300,0,3,5,,2,006,SR-88,"BEAR RIVER RD",1584.00,E,N,A,-,Y,AMA,,88," "," ",50.878,H,,R,N,4,0,1,1,A,-,03,22350,,N,E,J,A,A,H,-,D,D,0,,,,,Y,,A,07,0,0,1,0,0,0,0,0,0,"- ","- ",38.556148529052734,-120.29118347167969,AMADOR,UNINCORPORATED,-120.29117584228516,38.556186676025391
94888232,2025,2025-10-21,9295,2025-10-06,"920 ",019284,,1,1,9,0300,0,3,5,,2,003,"BUENA VISTA RD",SR-88,1320.00,S,N,A,-,N,,,,,,,,,,Y,3,0,1,2,A,-,06,21750,A,N,D,C,A,A,H,-,A,D,0,,,,,Y,,A,01,0,1,0,0,0,0,0,0,0,"- ","- ",38.318218231201172,-120.92192077636719,AMADOR,UNINCORPORATED,,
94888249,2025,2025-10-15,9295,2025-10-09,1405,018888,,4,2,9,0300,0,2,4,,1,045,"RIDGE ROAD","BATES ROAD",267.00,E,N,A,-,N,,,,,,,,,,Y,4,0,3,4,A,-,03,22350,,N,C,C,A,A,H,-,A,D,0,,,,,Y,,A,07,0,0,3,0,0,0,0,0,0,"- ","- ",38.403228759765625,-120.72194671630859,AMADOR,UNINCORPORATED,-120.72216796875,38.403125762939453
94890134,2025,2025-10-16,9295,2025-10-13,"932 ",016245,,1,1,9,0300,0,1,3,,1,049,SR-49,"NEW CHICAGO RD",350.00,N,N,B,-,Y,AMA,,49," "," ",13.565,H,,R,Y,4,0,1,1,A,-,03,22350,,N,E,J,A,B,H,-,A,D,0,,,,,Y,,A,01,0,0,1,0,0,0,0,0,0,"- ","- ",38.441780090332031,-120.85556030273438,AMADOR,UNINCORPORATED,-120.85559844970703,38.441738128662109
94894182,2025,2025-10-20,9295,2025-10-13,1610,019003,,1,2,9,0300,0,3,5,,2,005,"MEADOW VISTA DR E/W","MEADOW VISTA DR N/S",0.00,,Y,B,-,N,,,,,,,,,,N,2,0,1,2,A,-,11,21954,A,N,G,B,E,A,H,-,A,D,0,Y,,,,Y,,N,60,1,0,0,0,1,0,0,0,0,"- ","- ",38.446678161621094,-120.53475952148438,AMADOR,UNINCORPORATED,-120.53329467773438,38.447521209716797
94894852,2025,2025-10-21,9295,2025-10-15,1237,016245,,3,1,9,0300,0,3,5,,2,004,"CLIMAX RD.","CHASE RD.",320.00,E,N,A,-,N,,,,,,,,,,Y,4,0,1,2,A,-,05,21460,A,N,B,C,A,A,H,-,A,D,0,,,,,Y,,A,07,0,0,1,0,0,0,0,0,0,"- ","- ",38.405330657958984,-120.69474792480469,AMADOR,UNINCORPORATED,-120.6949462890625,38.405250549316406
94899600,2025,2025-10-23,9295,2025-10-22,1725,019802,,3,2,9,0300,0,1,3,,1,049,"STATE HIGHWAY 49","STATE HIGHWAY 16",140.00,N,N,B,C,Y,,,,,,,,,,Y,4,0,1,1,A,-,08,22107,,N,E,I,A,B,H,-,A,D,0,,,,,Y,,D,22,0,0,1,0,0,0,0,0,0,"- ","- ",38.454719543457031,-120.86670684814453,AMADOR,UNINCORPORATED,-120.77513122558594,38.350181579589844
94900043,2025,2025-10-24,9295,2025-10-10,2300,021793,,5,3,9,0300,0,1,3,,1,064,SR-88,"MEHRTEN SPRINGS RD",2640.00,E,N,A,-,Y,AMA,,88," "," ",50.860,H,,R,Y,3,0,1,2,A,-,05,21460,A,N,B,C,A,A,H,-,D,D,0,,,,,Y,Y,A,01,0,1,0,0,0,0,0,0,0,"- ","- ",38.556121826171875,-120.29151153564453,AMADOR,UNINCORPORATED,-120.29150390625,38.556194305419922
94901675,2025,2025-10-27,9295,2025-10-18,1340,019158,,6,1,9,0300,0,3,5,,2,002,"LATROBE ROAD","OLD SACRAMENTO RD",5.00,S,N,A,-,N,,,,,,,,,,Y,4,0,1,2,A,-,03,22350,,N,C,C,A,A,H,-,A,A,0,,,Y,,Y,,C,02,0,0,1,0,0,0,0,0,1,"- ","- ",38.480861663818359,-120.93166351318359,AMADOR,UNINCORPORATED,-120.93171691894531,38.480915069580078
94903746,2025,2025-10-27,9295,2025-10-18,1817,021793,,6,2,9,0300,0,1,3,,1,031,SR-88,SR-49,0.00,,Y,A,-,Y,AMA,,88," "," ",14.250,H,,R,Y,4,0,1,3,A,-,12,21453,A,N,D,C,A,A,H,-,A,A,0,,,,,Y,,D,22,0,0,1,0,0,0,0,0,0,"- ","- ",38.365379333496094,-120.79473876953125,AMADOR,UNINCORPORATED,-120.79475402832031,38.365314483642578
94909452,2025,2025-10-31,9295,2025-08-20,1050,019003,,3,1,9,0300,0,1,3,,1,042,"STATE HIGHWAY 88","IRISHTOWN RD",0.00,,Y,A,-,Y,AMA,,88," "," ",20.799,H,,R,Y,1,1,2,2,A,-,09,21802,A,N,D,C,A,A,H,-,A,A,0,,,,,Y,,A,01,0,0,2,0,0,0,0,0,0,"- ","- ",38.388778686523438,-120.67475891113281,AMADOR,UNINCORPORATED,-120.67474365234375,38.388778686523438
94913120,2025,2025-11-05,9295,2025-10-25,1510,018888,,6,2,9,0300,0,3,5,,2,003,"JACKSON VALLEY RD","GOOSE HILL RANCH",730.00,W,N,A,-,N,,,,,,,,,,Y,3,0,1,1,A,-,08,22107,,N,E,8,A,B,H,-,A,D,0,,,,,Y,,A,01,0,1,0,0,0,0,0,0,0,"- ","- ",38.297428131103516,-120.90316772460938,AMADOR,UNINCORPORATED,,
94913134,2025,2025-11-05,9295,2025-10-25,1545,019158,,6,2,9,0300,0,3,5,,2,005,"SHAKE RIDGE RD","BUCKEYE DR",2000.00,W,N,B,C,N,,,,,,,,,,Y,4,0,1,1,A,-,03,22350,,N,E,I,A,B,H,-,A,D,0,,,,,Y,,A,01,0,0,1,0,0,0,0,0,0,"- ","- ",38.453910827636719,-120.66693115234375,AMADOR,UNINCORPORATED,-120.66676330566406,38.454063415527344
94913149,2025,2025-11-05,9295,2025-10-29,1000,018888,,3,1,9,0300,0,3,5,,2,005,SR-88,"TAVES ROAD",0.00,,Y,A,-,Y,AMA,,88," "," ",21.520,H,,R,Y,4,0,1,2,A,-,09,21802,A,N,D,C,A,A,H,-,A,A,0,,,,,Y,,A,01,0,0,1,0,0,0,0,0,0,"- ","- ",38.398250579833984,-120.67742919921875,AMADOR,UNINCORPORATED,-120.67734527587891,38.398204803466797
94914891,2025,2025-11-06,9295,2025-11-02,1520,024876,,7,2,9,0300,0,3,5,,2,003,"CAMANCHE PKWY N","QUIVER DR",148.00,S,N,A,-,N,,,,,,,,,,Y,3,0,1,1,A,-,08,22107,,N,F,A,A,A,H,-,A,D,0,,,Y,,Y,,C,02,0,1,0,0,0,0,0,0,1,"- ","- ",38.244968414306641,-120.95162963867188,AMADOR,UNINCORPORATED,-120.95140838623047,38.244926452636719
94916074,2025,2025-11-07,9295,2025-10-22,1515,019802,,3,2,9,0300,1,1,3,,1,053,"STATE HIGHWAY 88","HINTON RD",821.00,E,N,B,-,Y,AMA,,88," "," ",29.974,H,,R,Y,3,0,2,2,A,-,05,21460,A,N,A,C,A,B,H,-,A,D,0,,,,,Y,,D,23,0,1,1,0,0,0,0,0,0,"- ","- ",38.433120727539062,-120.56320953369141,AMADOR,UNINCORPORATED,-120.56320953369141,38.433128356933594
94919030,2025,2025-11-11,9295,2025-10-31,"750 ",019158,,5,1,9,0300,0,1,3,,1,042,SR-88,"W CLINTON ROAD",50.00,W,N,A,-,Y,AMA,,88," "," ",19.312,H,,R,Y,3,0,2,2,A,-,05,21460,A,N,A,C,A,A,H,-,A,D,0,,,,,Y,,D,22,0,1,1,0,0,0,0,0,0,"- ","- ",38.378841400146484,-120.69682312011719,AMADOR,UNINCORPORATED,-120.69685363769531,38.378860473632812
94922824,2025,2025-11-12,9295,2025-11-03,1323,024876,,1,1,9,0300,0,1,3,,1,016,SR-16,"LATROBE ROAD",0.00,,Y,A,-,Y,AMA,,16," ",R,6.394,H,,R,Y,4,0,1,2,A,-,09,21802,A,N,B,C,A,A,H,-,A,D,0,,,,,Y,,A,01,0,0,1,0,0,0,0,0,0,"- ","- ",38.453151702880859,-120.91786193847656,AMADOR,UNINCORPORATED,-120.91785430908203,38.453159332275391
94923136,2025,2025-11-12,9295,2025-11-06,"30  ",024807,,4,3,9,0300,0,3,5,,2,005,"HALE RD","NINA RD",288.00,N,N,B,C,N,,,,,,,,,,Y,4,0,1,1,A,-,01,23152,G,N,E,I,A,B,H,-,D,D,0,,,,,Y,Y,A,07,0,0,1,0,0,0,0,0,0,"- ","- ",38.478370666503906,-120.70500946044922,AMADOR,UNINCORPORATED,-120.705078125,38.478294372558594
94923802,2025,2025-11-12,9295,2025-09-20,1813,021793,,6,2,9,0300,0,1,3,,1,053,SR-88,"NOBB HILL CT",75.00,E,N,A,-,Y,AMA,,88," "," ",33.487,H,,R,Y,1,1,1,1,A,-,08,22107,,N,E,I,A,A,H,-,A,D,0,,,,,Y,Y,A,01,1,0,0,0,0,0,0,0,0,"- ","- ",38.46038818359375,-120.52716827392578,AMADOR,UNINCORPORATED,-120.52724456787109,38.46038818359375
94923820,2025,2025-11-12,9295,2025-10-31,2220,024807,,5,3,9,0300,0,3,5,,2,002,"OLD SACRAMENTO RD","SPRING VALLEY RD",528.00,W,N,A,-,N,,,,,,,,,,Y,3,0,1,1,A,-,01,23152,A,N,F,8,A,A,H,-,D,D,0,,,,,Y,Y,A,01,0,1,0,0,0,0,0,0,0,"- ","- ",38.484970092773438,-120.88250732421875,AMADOR,UNINCORPORATED,-120.88212585449219,38.484767913818359
94924710,2025,2025-11-12,9295,2025-11-04,1526,024876,,2,2,9,0300,0,1,3,,1,031,"W/B SR-88","RIDGE RD",270.00,E,N,A,-,Y,AMA,,88," "," ",12.752,H,,R,Y,4,0,4,3,A,-,03,22350,,N,C,C,A,A,H,-,A,A,0,,,,,Y,,A,07,0,0,4,0,0,0,0,0,0,"- ","- ",38.359939575195312,-120.82023620605469,AMADOR,UNINCORPORATED,-120.82022094726562,38.359874725341797
94930603,2025,2025-11-14,9295,2025-11-07,2230,018888,,5,3,9,0300,0,3,5,,2,002,"SUTTER IONE ROAD",SR-49,8448.00,W,N,A,-,N,,,,,,,,,,Y,4,0,1,1,A,-,08,22107,,N,E,I,A,A,H,-,D,D,0,,,,,Y,,A,01,0,0,1,0,0,0,0,0,0,"- ","- ",38.397491455078125,-120.84535217285156,AMADOR,UNINCORPORATED,-120.84526824951172,38.397430419921875
94935446,2025,2025-11-18,9295,2025-11-11,1013,024876,,2,1,9,0300,0,1,3,,1,013,SR-49,"VILLAGE DRIVE",1620.00,S,N,A,-,Y,AMA,,49," "," ",15.756,H,,R,Y,4,0,1,2,A,-,03,22350,,N,C,C,A,A,H,-,A,D,0,,,,,Y,,A,01,0,0,1,0,0,0,0,0,0,"- ","- ",38.464118957519531,-120.85662841796875,AMADOR,UNINCORPORATED,-120.85664367675781,38.464122772216797
94935680,2025,2025-11-18,9295,2025-11-07,1725,021793,,5,2,9,0300,0,1,3,,1,053,SR-88,"RAVEN RD",400.00,W,N,A,-,Y,AMA,,88," "," ",28.153,H,,R,Y,3,0,2,1,A,-,08,22107,,N,E,I,A,A,H,-,D,D,0,,,,,Y,,A,07,0,2,0,0,0,0,0,0,0,"- ","- ",38.424720764160156,-120.59374237060547,AMADOR,UNINCORPORATED,-120.59374237060547,38.424762725830078
94940315,2025,2025-11-20,9295,2025-11-15,"535 ",019158,,6,3,9,0300,0,3,5,,2,003,"STONEY CREEK ROAD","HOFFMAN STREET",7920.00,W,N,A,-,N,,,,,,,,,,Y,3,0,1,1,A,-,08,22107,,N,E,I,A,A,H,-,D,D,0,,,,,Y,,D,22,0,1,0,0,0,0,0,0,0,"- ","- ",38.340629577636719,-120.81118774414062,AMADOR,UNINCORPORATED,-120.80928039550781,38.34130859375
94940352,2025,2025-11-20,9295,2025-11-19,"145 ",020931,,3,3,9,0300,0,1,3,,1,053,SR-88,"AQUADUCT GROVE ROAD",100.00,E,N,A,-,Y,AMA,,88," ",R,24.998,H,,R,Y,3,0,1,1,A,-,08,22107,,N,E,I,A,A,H,-,D,D,0,,,,,Y,,A,01,0,1,0,0,0,0,0,0,0,"- ","- ",38.399391174316406,-120.63343811035156,AMADOR,UNINCORPORATED,-120.63346099853516,38.399280548095703
94941435,2025,2025-11-21,9295,2025-11-19,1810,024807,,3,2,9,0300,0,3,5,,2,003,"CAMANCHE RD","JACKSON VALLEY RD (LOWER)",2112.00,S,N,A,-,N,,,,,,,,,,Y,3,0,1,1,A,-,03,22350,,N,E,8,A,A,H,-,D,A,0,,,,,Y,Y,A,07,0,1,0,0,0,0,0,0,0,"- ","- ",38.286579132080078,-120.92791748046875,AMADOR,UNINCORPORATED,-120.92778015136719,38.287452697753906
94944663,2025,2025-11-24,9295,2025-11-17,"935 ",024828,,1,1,9,0300,0,1,3,,1,049,SR49,ELECTRA,2500.00,N,N,C,-,Y,AMA,,49," ",R,0.576,H,,R,Y,2,0,1,1,A,-,08,22107,,N,F,A,A,B,H,-,A,D,0,,,,,Y,,D,22,1,0,0,0,0,0,0,0,0,"- ","- ",38.319908142089844,-120.72511291503906,AMADOR,UNINCORPORATED,-120.72504425048828,38.319904327392578
94945653,2025,2025-11-24,9295,2025-10-13,1900,019802,,1,2,9,0300,0,1,3,,1,053,"STATE ROUTE 88","AQUEDUCT GRV RD",24.00,E,N,B,-,Y,AMA,,88," ",R,25.025,H,,R,Y,1,1,1,2,A,-,05,21460,A,N,A,C,A,A,H,-,D,D,0,,,,,Y,,D,23,1,0,0,0,0,0,0,0,0,"- ","- ",38.399238586425781,-120.63297271728516,AMADOR,UNINCORPORATED,-120.63297271728516,38.399261474609375
94953933,2025,2025-12-02,9295,2025-11-27,2245,024807,,4,3,9,0300,0,1,3,,1,041,"RIDGE RD",SR-88,0.00,,Y,E,-,Y,AMA,,88," "," ",12.667,H,,R,Y,3,0,2,1,A,-,03,22350,,N,E,I,A,B,H,-,C,A,0,,,,,Y,,A,01,0,1,1,0,0,0,0,0,0,"- ","- ",38.359611511230469,-120.82145690917969,AMADOR,UNINCORPORATED,-120.82146453857422,38.359622955322266
94954260,2025,2025-12-02,9295,2025-11-30,"850 ",024807,,7,1,9,0300,0,3,5,,2,001,"LATROBE RD","EL DORADO COUNTY LINE",350.00,S,N,B,-,N,,,,,,,,,,Y,3,0,2,2,A,-,05,21460,A,N,A,C,A,B,H,-,A,D,0,,,,,Y,,A,07,0,1,1,0,0,0,0,0,0,"- ","- ",38.521568298339844,-120.95549011230469,AMADOR,UNINCORPORATED,,
94957779,2025,2025-12-04,9295,2025-11-21,1520,019158,,5,2,9,0300,0,3,5,,2,001,"LATROBE ROAD","OLD SACRAMNETO ROAD",3175.00,S,N,A,-,N,,,,,,,,,,Y,4,0,1,2,A,-,21,22106,,N,B,C,A,A,H,-,A,D,0,,,,,Y,,A,01,0,0,1,0,0,0,0,0,0,"- ","- ",38.473419189453125,-120.92630004882812,AMADOR,UNINCORPORATED,-120.92635345458984,38.473560333251953
94957809,2025,2025-12-04,9295,2025-11-22,"140 ",024807,,6,3,9,0300,0,1,3,,1,064,"SR 88","MORMON EMIGRANT TRAIL",528.00,E,N,A,-,Y,AMA,,88," ",R,58.836,H,,R,Y,4,0,1,1,A,-,01,23152,A,N,E,8,A,A,H,-,D,D,0,,,,,Y,Y,A,07,0,0,1,0,0,0,0,0,0,"- ","- ",38.628021240234375,-120.20642852783203,AMADOR,UNINCORPORATED,-120.20647430419922,38.627925872802734
94957829,2025,2025-12-04,9295,2025-11-22,1730,024807,,6,2,9,0300,0,3,5,,2,003,"BUENA VISTA RD","JACKSON VALLEY RD",15.00,N,N,B,-,N,,,,,,,,,,N,4,0,1,2,A,-,01,23152,A,N,C,C,A,A,H,-,C,A,0,,,,,Y,Y,D,22,0,0,1,0,0,0,0,0,0,"- ","- ",38.294498443603516,-120.91352844238281,AMADOR,UNINCORPORATED,-120.91343688964844,38.294441223144531
94959646,2025,2025-12-05,9295,2025-12-04,1359,019158,,4,1,9,0300,0,1,3,,1,064,SR-88,"KIRKWOOD LAKE ROAD",5280.00,W,N,A,-,Y,AMA,,88," "," ",69.709,H,,R,Y,4,0,1,1,A,-,08,22107,,N,F,A,A,A,H,-,A,D,0,,,,,Y,,A,07,0,0,1,0,0,0,0,0,0,"- ","- ",38.705898284912109,-120.10591888427734,AMADOR,UNINCORPORATED,-120.10591888427734,38.705928802490234
94961706,2025,2025-12-08,9295,2025-11-29,1923,016994,,6,2,9,0300,0,1,3,,1,049,SR-49,SR-16,1584.00,S,N,B,-,Y,AMA,,49," "," ",14.362,H,,R,Y,3,0,1,1,A,-,08,22107,,N,F,A,A,A,H,-,D,D,0,,,,,Y,,A,01,0,1,0,0,0,0,0,0,0,"- ","- ",38.450408935546875,-120.86441802978516,AMADOR,UNINCORPORATED,-120.86438751220703,38.450424194335938
94962610,2025,2025-12-08,9295,2025-12-08,"725 ",016245,,1,1,9,0300,0,1,3,,1,049,SR-49,SR-16,1584.00,S,N,B,-,Y,AMA,,49," "," ",14.379,H,,R,Y,4,0,1,1,A,-,08,22107,,N,F,A,A,B,H,-,A,D,0,,,,,Y,,A,07,0,0,1,0,0,0,0,0,0,"- ","- ",38.450649261474609,-120.86451721191406,AMADOR,UNINCORPORATED,-120.86453247070312,38.450645446777344
94963484,2025,2026-01-07,9295,2025-11-25,1755,020931,,2,2,9,0300,0,2,4,,2,012,"STEINER RD","SHENANDOAH RD",0.00,,Y,A,-,N,,,,,,,,,,Y,3,0,3,2,A,-,01,23152,A,N,D,C,A,A,H,-,D,A,0,,,,,Y,Y,A,01,0,3,0,0,0,0,0,0,0,"- ","- ",38.530868530273438,-120.8031005859375,AMADOR,UNINCORPORATED,-120.80305480957031,38.530872344970703
94968569,2025,2025-12-11,9295,2025-12-10,1130,019003,,3,1,9,0300,0,1,3,,1,042,SR88,"PREVITALI RD",0.00,,Y,A,-,Y,AMA,,88," "," ",17.839,H,,R,N,4,0,1,2,A,-,04,21703,,N,C,C,A,A,H,-,A,D,0,,,,,Y,,D,22,0,0,1,0,0,0,0,0,0,"- ","- ",38.366340637207031,-120.7177734375,AMADOR,UNINCORPORATED,-120.71770477294922,38.366291046142578
94968684,2025,2025-12-11,9295,2025-12-04,"920 ",019158,,4,1,9,0300,0,1,3,,1,049,SR-49,"MIDDLE BAR ROAD",1584.00,S,N,A,-,Y,AMA,,49," "," ",2.166,H,,R,Y,4,0,1,3,A,-,03,22350,,N,C,C,A,A,H,-,A,D,0,,,,Y,Y,,A,07,0,0,1,0,0,0,0,0,0,"- ","- ",38.329288482666016,-120.74793243408203,AMADOR,UNINCORPORATED,-120.7479248046875,38.329296112060547
94972157,2025,2025-12-15,9295,2025-12-11,2230,016994,,4,3,9,0300,0,1,3,,1,041,"RIDGE RD (SR-104)",SR-88,0.00,,Y,E,-,Y,AMA,,104," "," ",8.387,H,,R,Y,3,0,1,1,A,-,03,22350,,N,E,I,A,B,H,-,C,A,0,,,,,Y,,A,01,0,1,0,0,0,0,0,0,0,"- ","- ",38.359668731689453,-120.82127380371094,AMADOR,UNINCORPORATED,-120.8212890625,38.359672546386719
94979187,2025,2025-12-19,9295,2025-12-04,1855,021793,,4,2,9,0300,0,3,5,,2,003,"ARGONAUT LANE","BUENA VISTA LN",50.00,N,N,A,-,N,,,,,,,,,,N,4,0,1,2,A,-,03,22350,,N,D,C,A,A,H,-,D,D,0,,,,Y,Y,,A,01,0,0,1,0,0,0,0,0,0,"- ","- ",38.361118316650391,-120.78959655761719,AMADOR,UNINCORPORATED,-120.78961944580078,38.360927581787109
94979193,2025,2025-12-19,9295,2025-11-28,1713,019158,,5,2,9,0300,0,2,4,,1,044,"RIDGE ROAD","RIDGE VIEW DRIVE",1112.00,W,N,A,-,N,,,,,,,,,,Y,4,0,1,3,A,-,05,21460,A,N,A,2,A,A,H,-,D,D,0,,,,,Y,,A,01,0,0,1,0,0,0,0,0,0,"- ","- ",38.398021697998047,-120.74124145507812,AMADOR,UNINCORPORATED,-120.74087524414062,38.398006439208984
94979269,2025,2025-12-19,9295,2025-11-25,2300,020931,,2,3,9,0300,0,1,3,,1,053,"SR-88 W/B","VAN DE HEI RANCH ROAD",528.00,E,N,A,-,Y,AMA,,88," "," ",28.716,H,,L,Y,2,0,1,1,A,-,01,23152,A,N,E,I,A,A,H,-,D,D,0,,,,,Y,Y,A,01,1,0,0,0,0,0,0,0,0,"- ","- ",38.428260803222656,-120.58493804931641,AMADOR,UNINCORPORATED,-120.58496856689453,38.428306579589844
94979791,2025,2025-12-19,9295,2025-12-08,1450,019003,,1,2,9,0300,0,1,3,,1,053,SR-88,"AQUEDUCT VOLCANO RD",528.00,E,N,A,-,Y,AMA,,88," ",R,24.776,H,,R,Y,2,0,1,2,A,-,03,22350,,N,C,C,A,A,H,-,A,D,0,,,,,Y,Y,D,22,1,0,0,0,0,0,0,0,0,"- ","- ",38.401481628417969,-120.63641357421875,AMADOR,UNINCORPORATED,-120.63642883300781,38.401466369628906
94981359,2025,2025-12-22,9295,2025-12-13,"157 ",016994,,6,3,9,0300,0,1,3,,1,031,SR-88,"JACKSON VALLEY RD (LOWER)",0.00,,Y,E,-,Y,AMA,,88," "," ",3.522,H,,R,Y,3,0,1,2,A,-,01,23152,A,N,D,C,A,B,H,-,C,A,0,,,,,Y,Y,A,01,0,1,0,0,0,0,0,0,0,"- ","- ",38.308551788330078,-120.97032165527344,AMADOR,UNINCORPORATED,-120.97032165527344,38.308555603027344
94981382,2025,2025-12-22,9295,2025-11-11,"616 ",024876,,2,1,9,0300,0,1,3,,1,049,SR-49,"SPANISH STREET",45.00,S,N,A,-,Y,AMA,,49," "," ",13.477,H,,R,Y,4,0,1,2,A,-,03,22350,,N,C,C,A,A,H,-,C,D,0,,,,,Y,,D,22,0,0,1,0,0,0,0,0,0,"- ","- ",38.440719604492188,-120.85494232177734,AMADOR,UNINCORPORATED,-120.85497283935547,38.440711975097656
94981781,2025,2025-12-22,9295,2025-12-19,"200 ",016994,,5,3,9,0300,0,1,3,,1,064,SR-88,"KIRKWOOD LAKE RD",3696.00,W,N,B,-,Y,AMA,,88," "," ",69.979,H,,R,Y,3,0,1,1,A,-,08,22107,,N,E,I,A,A,H,-,D,A,0,,,,,Y,,A,07,0,1,0,0,0,0,0,0,0,"- ","- ",38.705020904541016,-120.10114288330078,AMADOR,UNINCORPORATED,-120.10108184814453,38.705081939697266
94985579,2025,2025-12-24,9295,2025-12-20,1015,019158,,6,1,9,0300,0,3,5,,2,005,"RANCH RD","MEADOWBROOK DRIVE",0.00,,Y,B,C,N,,,,,,,,,,Y,4,0,1,2,A,-,08,22107,,N,A,C,A,B,H,-,A,D,0,,,,,Y,,A,07,0,0,1,0,0,0,0,0,0,"- ","- ",38.407848358154297,-120.61921691894531,AMADOR,UNINCORPORATED,-120.61918640136719,38.407779693603516