CASE_ID,ACCIDENT_YEAR,PROC_DATE,JURIS,COLLISION_DATE,COLLISION_TIME,OFFICER_ID,REPORTING_DISTRICT,DAY_OF_WEEK,CHP_SHIFT,POPULATION,CNTY_CITY_LOC,SPECIAL_COND,BEAT_TYPE,CHP_BEAT_TYPE,CITY_DIVISION_LAPD,CHP_BEAT_CLASS,BEAT_NUMBER,PRIMARY_RD,SECONDARY_RD,DISTANCE,DIRECTION,INTERSECTION,WEATHER_1,WEATHER_2,STATE_HWY_IND,CALTRANS_COUNTY,CALTRANS_DISTRICT,STATE_ROUTE,ROUTE_SUFFIX,POSTMILE_PREFIX,POSTMILE,LOCATION_TYPE,RAMP_INTERSECTION,SIDE_OF_HWY,TOW_AWAY,COLLISION_SEVERITY,NUMBER_KILLED,NUMBER_INJURED,PARTY_COUNT,PRIMARY_COLL_FACTOR,PCF_CODE_OF_VIOL,PCF_VIOL_CATEGORY,PCF_VIOLATION,PCF_VIOL_SUBSECTION,HIT_AND_RUN,TYPE_OF_COLLISION,MVIW,PED_ACTION,ROAD_SURFACE,ROAD_COND_1,ROAD_COND_2,LIGHTING,CONTROL_DEVICE,CHP_ROAD_TYPE,PEDESTRIAN_ACCIDENT,BICYCLE_ACCIDENT,MOTORCYCLE_ACCIDENT,TRUCK_ACCIDENT,NOT_PRIVATE_PROPERTY,ALCOHOL_INVOLVED,STWD_VEHTYPE_AT_FAULT,CHP_VEHTYPE_AT_FAULT,COUNT_SEVERE_INJ,COUNT_VISIBLE_INJ,COUNT_COMPLAINT_PAIN,COUNT_PED_KILLED,COUNT_PED_INJURED,COUNT_BICYCLIST_KILLED,COUNT_BICYCLIST_INJURED,COUNT_MC_KILLED,COUNT_MC_INJURED,PRIMARY_RAMP,SECONDARY_RAMP,LATITUDE,LONGITUDE,COUNTY,CITY,POINT_X,POINT_Y
94987407,2025,2025-12-26,9295,2025-12-24,1330,016699,,3,1,9,0300,0,1,3,,1,064,SR-88,"BEAR RIVER RD",1056.00,E,N,B,C,Y,AMA,,88," "," ",52.085,H,,R,Y,3,0,1,1,A,-,03,22350,,N,E,I,A,C,H,-,A,D,0,,,,,Y,,D,22,0,1,0,0,0,0,0,0,0,"- ","- ",38.560230255126953,-120.27101898193359,AMADOR,UNINCORPORATED,-120.27107238769531,38.560276031494141
94990328,2025,2025-12-29,9295,2025-12-12,1730,021793,,5,2,9,0300,0,2,4,,2,012,"SHENANDOAH RD","SHENANDOAH SCHOOL RD",800.00,E,N,E,-,N,,,,,,,,,,Y,3,0,1,1,A,-,01,23152,A,N,E,I,A,B,H,-,D,D,0,,,Y,,Y,Y,C,02,0,1,0,0,0,0,0,0,1,"- ","- ",38.503349304199219,-120.82742309570312,AMADOR,UNINCORPORATED,-120.829345703125,38.494503021240234
94994626,2025,2025-12-31,9295,2025-12-14,"51  ",016994,,7,3,9,0300,0,2,4,,1,043,"RIDGE RD","RUNNING GOLD RD",4224.00,E,N,A,-,N,,,,,,,,,,Y,2,0,1,2,A,-,08,22107,,N,E,8,A,A,H,-,D,D,0,,,,,Y,,A,07,1,0,0,0,0,0,0,0,0,"- ","- ",38.393821716308594,-120.76306915283203,AMADOR,UNINCORPORATED,-120.76396942138672,38.393466949462891
94996218,2025,2026-01-02,9295,2025-12-30,1125,019284,,2,1,9,0300,0,2,4,,1,043,"RIDGE RD","RUNNING GOLD RD",0.00,,Y,A,-,N,,,,,,,,,,Y,4,0,1,2,A,-,09,21802,A,N,D,C,A,A,H,-,A,A,0,,,,,Y,,A,07,0,0,1,0,0,0,0,0,0,"- ","- ",38.3873291015625,-120.77633666992188,AMADOR,UNINCORPORATED,-120.77631378173828,38.387367248535156
94996282,2025,2026-01-02,9295,2025-12-31,"55  ",024807,,3,3,9,0300,0,1,3,,2,020,"IONE MICHIGAN BAR RD","CARBONDALE RD",1056.00,S,N,E,-,N,,,,,,,,,,Y,3,0,1,1,C,-,18,,,N,H,H,A,A,H,-,D,D,0,,,,,Y,,-,"- ",0,1,0,0,0,0,0,0,0,"- ","- ",38.395259857177734,-121.00244140625,AMADOR,UNINCORPORATED,-121.00302886962891,38.395580291748047
94996358,2025,2026-01-02,9295,2025-12-29,1610,019802,,1,2,9,0300,0,1,3,,1,064,"STATE HIGHWAY 88","MUD LAKE RD",1120.00,E,N,B,-,Y,AMA,,88," ",R,63.309,H,,R,Y,3,0,1,1,A,-,08,22107,,N,E,I,A,C,H,-,A,D,0,,,,,Y,,A,01,0,1,0,0,0,0,0,0,0,"- ","- ",38.638351440429688,-120.13857269287109,AMADOR,UNINCORPORATED,-120.13861083984375,38.638378143310547
94998850,2025,2026-01-05,9295,2025-12-31,"215 ",024807,,3,3,9,0300,0,3,5,,2,003,"JACKSON VALLEY RD","CAMANCHE RD",4224.00,W,N,C,E,N,,,,,,,,,,Y,4,0,1,1,A,-,01,23152,A,N,E,I,A,B,H,-,D,D,0,,,,,Y,Y,A,01,0,0,1,0,0,0,0,0,0,"- ","- ",38.2947998046875,-120.94165802001953,AMADOR,UNINCORPORATED,-120.94233703613281,38.294845581054688
94998905,2025,2026-01-05,9295,2025-12-24,1815,024828,,3,2,9,0300,0,3,5,,2,004,"CLIMAX ROAD","TAVES ROAD",650.00,E,N,C,-,N,,,,,,,,,,Y,3,0,1,1,A,-,01,23152,A,N,F,A,A,B,H,-,D,D,0,,,,,Y,Y,D,22,0,1,0,0,0,0,0,0,0,"- ","- ",38.401561737060547,-120.67887115478516,AMADOR,UNINCORPORATED,-120.67979431152344,38.401294708251953
9502534,2022,2022-09-19,0305,2022-08-20,1001,M5116,0305,6,5,1,0305,0,0,0,,0,STC,"RIDGE RD","SWEET PEA WY",154.00,E,N,A,-,N,,,,,,,,,,N,3,0,1,2,A,-,03,22350,,N,A,C,A,A,A,-,A,D,0,,,,,Y,,A,01,0,1,0,0,0,0,0,0,0,"- ","- ",38.381141662597656,-120.79469299316406,AMADOR,"SUTTER CREEK",-120.79421997070312,38.381290435791016
9503485,2022,2022-10-12,0303,2022-07-02,1240,T3694,JKC,6,5,2,0303,0,0,0,,0,JKC,"RT 88","COURT ST",0.00,E,N,A,-,Y,AMA,10,88,-,-,14.900,I,5,E,Y,3,0,3,2,A,-,09,21804,A,N,H,C,A,A,H,-,A,D,0,,,,,Y,,D,22,0,3,0,0,0,0,0,0,0,"- ","- ",38.352828979492188,-120.76513671875,AMADOR,JACKSON,-120.76514434814453,38.352817535400391
9503568,2022,2022-10-06,0303,2022-07-18,1300,T3694,,1,5,2,0303,0,0,0,,0,JKC,"RT 49","FRENCH BAR RD",0.00,N,N,A,-,N,,,,,,,,,,Y,3,0,2,2,A,-,09,21804,A,N,D,C,A,A,H,-,A,D,0,,,,,Y,,A,01,0,2,0,0,0,0,0,0,0,"- ","- ",36.776260375976562,-119.41793060302734,AMADOR,JACKSON,-120.76766967773438,38.34307861328125
9516255,2022,2023-01-10,0300,2022-11-27,1230,R9319,PLC,7,5,1,0304,0,0,0,,0,020,"RT 49","EMPIRE ST",0.00,,Y,A,-,Y,AMA,10,49,-,-,16.690,H,-,N,Y,4,0,1,2,A,-,03,22350,,N,C,C,A,A,H,-,A,D,0,,,,,Y,,D,22,0,0,1,0,0,0,0,0,0,"- ","- ",38.475311279296875,-120.84977722167969,AMADOR,PLYMOUTH,-120.84989166259766,38.47515869140625
9536328,2022,2023-01-20,0303,2022-08-29,1708,D1590,JKC,1,5,2,0303,0,0,0,,0,JKC,BROADWAY,"RT 88",0.00,,Y,A,-,Y,AMA,10,88,-,-,14.360,I,6,W,Y,2,0,1,2,A,-,08,22100,B,N,A,C,A,A,H,-,A,D,0,,,,,Y,,A,07,1,0,0,0,0,0,0,0,0,"- ","- ",38.347629547119141,-120.77233123779297,AMADOR,JACKSON,-120.7723388671875,38.347618103027344
9536344,2022,2023-01-20,0303,2022-11-17,1623,M6463,JKC,4,5,2,0303,0,0,0,,0,JKC,"RT 49","SOUTH AV",346.00,N,N,A,-,Y,AMA,10,49,-,-,3.760,H,-,S,Y,3,0,1,2,A,-,09,21804,A,N,D,C,A,A,H,-,A,D,0,,,,,Y,,A,01,0,1,0,0,0,0,0,0,0,"- ","- ",38.34381103515625,-120.77036285400391,AMADOR,JACKSON,-120.76952362060547,38.344314575195312
9536433,2022,2023-01-20,0303,2022-09-07,1149,X7501,JKC,3,5,2,0303,0,0,0,,0,JKC,"RT 49","RT 49 851",0.00,,-,A,-,Y,AMA,10,49,-,-,4.850,H,-,N,Y,3,0,1,2,A,-,00,38300,,N,C,C,A,A,H,-,A,D,0,,,,,Y,,A,01,0,1,0,0,0,0,0,0,0,"- ","- ",38.3585205078125,-120.78305816650391,AMADOR,JACKSON,-120.78189086914062,38.356651306152344
9536473,2022,2023-01-20,0303,2022-11-20,1717,D1590,JKC,7,5,2,0303,0,0,0,,0,JKC,"RT 49","SCHOBER AV",288.00,S,N,A,-,Y,AMA,10,49,-,-,3.760,H,-,S,N,4,0,1,2,A,-,09,21804,A,N,D,C,A,A,H,-,B,D,0,,,,,Y,,A,01,0,0,1,0,0,0,0,0,0,"- ","- ",38.34381103515625,-120.77036285400391,AMADOR,JACKSON,-120.76952362060547,38.344314575195312
9549645,2023,2023-03-23,0305,2023-01-29,1430,B0922,0305,7,5,1,0305,0,0,0,,0,STC,"RT 49","VALLEY VIEW WY",0.00,,Y,B,C,Y,AMA,10,49,-,R,7.298,I,5,S,N,2,0,3,3,A,-,12,21453,A,N,D,D,A,B,H,-,A,A,0,,,,,Y,,A,01,3,0,0,0,0,0,0,0,0,"- ","- ",38.381771087646484,-120.80596160888672,AMADOR,"SUTTER CREEK",-120.80593109130859,38.3818359375
9555265,2022,2023-04-14,0303,2022-12-09,1709,D1590,JKC,5,5,2,0303,0,0,0,,0,JKC,"RT 49","REX AV",0.00,,Y,A,-,Y,AMA,10,49,-,-,4.480,H,-,N,Y,4,0,1,2,A,-,09,21804,A,N,D,C,A,A,H,-,C,D,0,,,,,Y,,A,07,0,0,1,0,0,0,0,0,0,"- ","- ",38.351711273193359,-120.77593231201172,AMADOR,JACKSON,-120.77641296386719,38.352607727050781
9563946,2023,2023-04-24,0303,2023-01-06,1250,X7501,,5,5,2,0303,0,0,0,,0,JKC,"RT 88","PITT ST",0.00,,Y,A,-,Y,AMA,10,88,-,-,14.530,I,5,E,Y,3,0,1,2,A,-,03,22350,,N,C,C,A,A,H,-,A,D,0,,,,,Y,,-,,0,1,0,0,0,0,0,0,0,"- ","- ",38.349830627441406,-120.77069091796875,AMADOR,JACKSON,-120.77068328857422,38.349815368652344
9563947,2023,2023-04-24,0303,2023-01-18,1758,A4061,,3,5,2,0303,0,0,0,,0,JKC,"RT 88","COURT ST",110.00,W,N,A,-,Y,AMA,10,88,-,-,14.880,H,-,W,Y,4,0,2,2,A,-,09,21801,A,N,D,C,A,A,H,-,D,A,0,,,,,Y,,D,22,0,0,2,0,0,0,0,0,0,"- ","- ",38.353870391845703,-120.77752685546875,AMADOR,JACKSON,-120.76548767089844,38.352603912353516
9563949,2022,2023-04-24,0303,2022-12-04,1044,X8255,JKC,7,5,2,0303,0,0,0,,0,JKC,"RT 49","RT 88",900.00,N,N,B,-,Y,AMA,10,49,-,-,4.150,H,-,N,Y,2,0,1,2,C,-,18,,,N,C,C,A,A,H,-,A,A,0,,,,,Y,,-,"- ",1,0,0,0,0,0,0,0,0,"- ","- ",38.348201751708984,-120.775390625,AMADOR,JACKSON,-120.77468109130859,38.348129272460938
9601889,2023,2023-08-18,0303,2023-06-09,1620,T3694,,5,5,2,0303,0,0,0,,0,JKC,"RT 88","COURT ST",0.00,W,N,A,-,Y,AMA,10,88,-,-,14.860,H,-,E,Y,4,0,1,2,A,-,07,21658,A,N,A,C,A,A,H,-,A,D,0,,,,,Y,,D,73,0,0,1,0,0,0,0,0,0,"- ","- ",38.353870391845703,-120.77752685546875,AMADOR,JACKSON,-120.76583099365234,38.352386474609375
9604132,2023,2023-08-28,0303,2023-06-29,1752,H7996,JKC,4,5,2,0303,0,0,0,,0,JKC,"RT 49","SUTTER ST",0.00,,Y,A,-,Y,AMA,10,49,-,R,4.720,H,-,N,Y,2,0,1,1,A,-,08,22107,,N,E,J,A,A,H,-,A,D,0,,,Y,,Y,,C,02,1,0,0,0,0,0,0,0,1,"- ","- ",38.353130340576172,-120.77683258056641,AMADOR,JACKSON,-120.77987670898438,38.355415344238281
9616769,2023,2023-10-16,0305,2023-09-01,1054,B4886,0305,5,5,1,0305,0,0,0,,0,STC,"RIDGE RD","PROSPECT DR",0.00,,Y,A,-,N,,,,,,,,,,N,4,0,2,2,A,-,09,21802,A,N,D,D,A,A,H,-,A,A,0,,,,,Y,,A,01,0,0,2,0,0,0,0,0,0,"- ","- ",38.376541137695312,-120.80518341064453,AMADOR,"SUTTER CREEK",-120.80493300000001,38.376699000000002
9622091,2023,2023-10-24,0303,2023-08-09,"641 ",A4061,JKC,3,5,2,0303,0,0,0,,0,JKC,"ARGONAUT DR","ARGONAUT DR 10356",0.00,,Y,A,-,N,,,,,,,,,,N,3,0,1,1,A,-,05,21650,,M,E,I,A,A,H,-,D,A,0,,,,,Y,,D,22,0,1,0,0,0,0,0,0,0,"- ","- ",38.359401702880859,-120.78604125976562,AMADOR,JACKSON,-120.78995513916016,38.363399505615234
9622095,2023,2023-11-07,0303,2023-08-31,1537,H7996,,4,5,2,0303,0,0,0,,0,,"RT 88","PITT ST",0.00,,Y,A,-,Y,AMA,10,88,-,-,14.540,H,-,E,N,2,0,1,3,A,-,03,22350,,N,C,C,A,A,H,-,A,D,0,,,,,Y,,A,01,1,0,0,0,0,0,0,0,0,"- ","- ",38.437770843505859,-120.54403686523438,AMADOR,JACKSON,-120.77059173583984,38.349952697753906
9625241,2023,2023-10-10,0300,2023-08-26,1208,P8978,PLC,6,5,1,0304,0,0,0,,0,020,"RT 49","POPLAR ST",0.00,,Y,A,-,Y,AMA,10,49,-,-,16.900,I,5,S,Y,2,0,1,2,A,-,01,23153,,N,A,C,A,A,H,-,A,D,0,,,,,Y,Y,D,22,1,0,0,0,0,0,0,0,0,"- ","- ",38.478851318359375,-120.84703063964844,AMADOR,PLYMOUTH,-120.84781646728516,38.477859497070312
9632328,2023,2023-11-16,0305,2023-07-26,1244,B4886,0305,3,5,1,0305,0,0,0,,0,STC,"RIDGE RD","BOWERS ROAD / PROSPECT DR",0.00,,Y,A,-,N,,,,,,,,,,Y,4,0,2,2,A,-,08,22107,,N,D,C,A,A,H,-,A,D,0,,,,,Y,,A,01,0,0,2,0,0,0,0,0,0,"- ","- ",37.987831115722656,-122.52866363525391,AMADOR,"SUTTER CREEK",-120.804931640625,38.376712799072266
9647492,2023,2024-01-19,0303,2023-11-16,1044,A4061,JKC,4,5,2,0303,0,0,0,,0,JKC,"RT 49","SUTTER ST",0.00,,Y,A,-,Y,AMA,10,49,-,-,4.470,H,-,N,N,4,0,1,2,A,-,09,21804,A,N,B,C,A,A,H,-,A,A,0,,,,,Y,,D,22,0,0,1,0,0,0,0,0,0,"- ","- ",38.353378295898438,-120.77642822265625,AMADOR,JACKSON,-120.77633666992188,38.352481842041016
9654598,2024,2024-02-23,0305,2024-01-11,"757 ",X0846,0305,4,5,1,0305,0,0,0,,0,STC,"RT 49","VALLEY VIEW WY",0.00,,Y,B,C,Y,AMA,10,49,-,R,7.298,I,5,N,N,4,0,1,2,A,-,03,22350,,N,D,C,A,C,H,-,D,A,0,,,,Y,Y,,F,26,0,0,1,0,0,0,0,0,0,"- ","- ",38.381771087646484,-120.80596160888672,AMADOR,"SUTTER CREEK",-120.80593109130859,38.3818359375
9656047,2023,2024-01-11,0303,2023-11-10,1106,T3694,JKC,5,5,2,0303,0,0,0,,0,JKC,"RT 49","FRENCH BAR",0.00,,Y,A,-,Y,AMA,10,49,-,-,3.620,I,5,S,N,4,0,1,2,A,-,12,21453,A,N,D,D,A,A,H,-,A,A,0,,Y,,,Y,,L,04,0,0,1,0,0,0,1,0,0,"- ","- ",38.343070983886719,-120.76763916015625,AMADOR,JACKSON,-120.76750183105469,38.3428955078125
9656059,2023,2024-01-11,0303,2023-11-19,1310,H7996,JKC,7,5,2,0303,0,0,0,,0,JKC,"RT 49","RT 49 200",5.00,N,N,A,-,N,,,,,,,,,,Y,3,0,2,2,A,-,08,22107,,N,D,C,A,A,H,-,A,D,0,,,,,Y,,A,01,0,1,1,0,0,0,0,0,0,"- ","- ",38.346519470214844,-120.77165222167969,AMADOR,JACKSON,-120.77194213867188,38.346103668212891
9674608,2024,2024-04-26,0305,2024-02-20,1736,M5116,0305,2,5,1,0305,0,0,0,,0,STC,"RT 49","RIDGE RD",0.00,,Y,C,-,Y,AMA,10,49,-,-,6.980,I,5,N,Y,4,0,1,2,A,-,12,21453,A,N,D,D,A,B,H,-,B,A,0,,,,,Y,,A,01,0,0,1,0,0,0,0,0,0,"- ","- ",38.392971038818359,-120.80243682861328,AMADOR,"SUTTER CREEK",-120.80233764648438,38.378429412841797
9718113,2024,2024-08-01,0303,2024-04-09,2106,X7501,JKC,2,5,2,0303,0,0,0,,0,JKC,"RT 88","COURT ST",90.00,E,N,A,-,Y,AMA,10,88,-,-,14.920,H,-,E,N,2,0,1,2,A,-,03,22350,,M,G,B,E,A,H,-,D,D,0,Y,,,,Y,,A,01,1,0,0,0,1,0,0,0,0,"- ","- ",38.352828979492188,-120.76513671875,AMADOR,JACKSON,-120.76486206054688,38.352993011474609
9748732,2024,2024-12-13,0305,2024-09-22,1244,B0922,0305,7,5,1,0305,0,0,0,,0,STC,"SUTTER HILL RD","SUTTER HILL RD 175",565.00,N,N,A,-,N,,,,,,,,,,Y,3,0,1,2,A,-,08,22107,,N,H,A,A,A,H,-,A,D,0,,,,,Y,,A,01,0,1,0,0,0,0,0,0,0,"- ","- ",38.386909484863281,-120.80052947998047,AMADOR,"SUTTER CREEK",-120.79173278808594,38.399509429931641
9763048,2024,2025-01-10,0305,2024-12-09,2147,M5116,0305,1,5,1,0305,0,0,0,,0,STC,"RIDGE RD","BOWERS RD",0.00,,Y,A,-,N,,,,,,,,,,Y,2,0,1,2,A,-,09,21802,A,N,D,C,A,A,H,-,C,A,0,,,,,Y,,A,01,1,0,0,0,0,0,0,0,0,"- ","- ",38.276538848876953,-120.80518341064453,AMADOR,"SUTTER CREEK",-120.804931640625,38.376712799072266
9778050,2024,2025-01-28,0305,2024-11-11,1216,X9844,0305,1,5,1,0305,0,0,0,,0,STC,"RT 49","RIDGE RD",305.00,N,N,C,-,Y,AMA,,49," ",R,6.981,H,,R,N,3,0,1,2,A,-,08,22107,,N,D,C,A,B,H,-,A,D,0,,,,,Y,,A,01,0,1,0,0,0,0,0,0,0,"- ","- ",38.378429412841797,-120.80240631103516,AMADOR,"SUTTER CREEK",-120.80233764648438,38.378444671630859
9783145,2025,2025-03-20,0305,2025-01-07,1353,X9844,0305,2,5,1,0305,0,0,0,,0,STC,"RT 49","RIDGE RD",312.00,N,N,A,-,Y,AMA,10,49,-,R,7.050,H,-,N,N,3,0,1,2,A,-,09,21804,A,N,D,C,A,A,H,-,A,D,0,,,,,Y,,D,22,0,1,0,0,0,0,0,0,0,"- ","- ",38.378429412841797,-120.80242156982422,AMADOR,"SUTTER CREEK",-120.80271148681641,38.379413604736328
9783665,2025,2025-03-11,0305,2025-01-18,1557,B0922,0305,6,5,1,0305,0,0,0,,0,STC,"HANFORD ST","AMELIA ST",494.00,S,N,-,-,N,,,,,,,,,,N,4,0,1,2,A,-,09,21804,A,N,-,-,A,-,-,-,-,-,0,,,,,Y,,D,22,0,0,1,0,0,0,0,0,0,"- ","- ",38.395790100097656,-120.80516815185547,AMADOR,"SUTTER CREEK",-120.80495452880859,38.395614624023438
9802193,2024,2025-08-19,0305,2024-11-27,1322,B0922,0305,3,5,1,0305,0,0,0,,0,1322,"RT 49","RIDGE RD",25.00,S,N,A,-,Y,AMA,10,49,-,-,6.960,H,-,N,N,4,0,1,2,A,-,03,22350,,N,C,C,A,A,H,-,A,A,0,,,,,Y,,D,22,0,0,1,0,0,0,0,0,0,"- ","- ",38.378261566162109,-120.80226898193359,AMADOR,"SUTTER CREEK",-120.80223846435547,38.378154754638672
9812811,2025,2025-11-21,0305,2025-09-26,1955,X9844,0305,5,5,1,0305,0,0,0,,0,STC,"RT 49","RIDGE RD",0.00,,Y,A,-,Y,AMA,10,49,-,-,6.980,I,5,N,N,4,0,2,2,A,-,12,21453,A,N,A,C,A,A,H,-,C,A,0,,,,,Y,,A,01,0,0,2,0,0,0,0,0,0,"- ","- ",38.378429412841797,-120.80240631103516,AMADOR,"SUTTER CREEK",-120.80233764648438,38.378429412841797
9866355,2024,2025-09-18,0302,2024-08-22,"32  ",H0324,IOC,4,5,2,0302,0,0,0,,0,IOC,"MARLETTE ST","MANOR DR",0.00,,N,A,-,N,,,,,,,,,,Y,3,0,1,1,A,-,03,22350,,N,E,J,A,A,H,-,C,D,0,,,,,Y,Y,A,01,0,1,0,0,0,0,0,0,0,"- ","- ",,,AMADOR,IONE,-120.94313812255859,38.348587036132812
9866361,2024,2025-09-19,0302,2024-09-27,"750 ",R3131,IOC,5,5,2,0302,0,0,0,,0,IOC,"PRESTON AV","IONE PLAZA",0.00,,Y,A,-,N,,,,,,,,,,N,3,0,1,2,A,-,03,22350,,M,G,B,B,A,H,-,A,D,0,Y,,,,Y,,D,72,0,1,0,0,1,0,0,0,0,"- ","- ",,,AMADOR,IONE,,
9866371,2025,2025-09-22,0302,2025-04-08,1553,X3802,IOC,2,5,2,0302,0,0,0,,0,IOC,"PRESTON AV","PALM DR",0.00,,Y,A,-,N,,,,,,,,,,Y,3,0,2,3,A,-,03,22350,,N,B,C,A,A,H,-,A,D,0,,,,,Y,,A,01,0,2,0,0,0,0,0,0,0,"- ","- ",,,AMADOR,IONE,-120.93815612792969,38.357257843017578
9867113,2025,2026-01-29,0302,2025-09-04,"753 ",F6870,"IOC ",4,5,2,0302,0,0,0,,0,IOC,"RT 104","CASTLE OAKS DR",1002.00,W,N,A,-,Y,AMA,10,104,-,R,4.610,H,-,W,Y,1,1,1,2,A,-,08,22107,,N,D,C,A,A,H,-,A,D,0,,,,,Y,,A,01,0,1,0,0,0,0,0,0,0,"- ","- ",38.364978790283203,-120.94875335693359,AMADOR,IONE,-120.95027923583984,38.365482330322266
9873677,2025,2025-10-03,0302,2025-06-02,"946 ",R3131,IOC,1,5,2,0302,0,0,0,,0,IOC,"RT 104","E MARLETTE",0.00,,Y,A,-,Y,AMA,10,104,-,R,6.140,I,5,E,N,3,0,1,2,A,-,03,22350,,N,H,A,A,A,H,-,A,D,0,,,Y,,Y,,C,02,0,1,0,0,0,0,0,0,1,"- ","- ",38.351009368896484,-120.93192291259766,AMADOR,IONE,-120.93183898925781,38.35107421875
9877116,2024,2025-09-26,0302,2024-08-11,"549 ",N7035,IOC,7,5,2,0302,0,0,0,,0,IOC,"RT 104","MCSP ENTRANCE",0.00,,Y,A,-,Y,AMA,10,104,-,R,4.270,H,-,E,Y,3,0,1,2,A,-,09,21801,A,N,D,C,A,A,H,-,B,D,0,,,,,Y,,A,01,0,1,0,0,0,0,0,0,0,"- ","- ",38.370628356933594,-120.95372772216797,AMADOR,IONE,-120.95600128173828,38.367496490478516
9877120,2024,2025-09-26,0302,2024-03-19,1607,H0324,IOC,2,5,2,0302,0,0,0,,0,IOC,"PRESTON AV","PRESTON AV 313",0.00,,N,A,-,Y,AMA,10,104,-,R,5.360,I,5,W,N,3,0,1,2,A,-,11,21950,B,N,G,B,D,A,H,-,A,D,0,Y,,,,Y,Y,N,60,0,1,0,0,1,0,0,0,0,"- ","- ",38.353130340576172,-120.93501281738281,AMADOR,IONE,-120.93966674804688,38.359024047851562
9877132,2025,2025-09-18,0302,2025-08-12,1637,H0324,IOC,2,5,2,0302,0,0,0,,0,IOC,"RT 124","N ENTRANCE OF HOWARD PARK",0.00,,Y,A,-,N,,,,,,,,,,Y,3,0,1,2,A,-,03,22350,,N,C,C,A,A,H,-,A,D,0,,,,,Y,,A,01,0,1,0,0,0,0,0,0,0,"- ","- ",38.352691650390625,-120.93271636962891,AMADOR,IONE,,
9877136,2025,2025-09-26,0302,2025-05-23,2044,A4263,IOC,5,5,2,0302,0,0,0,,0,IOC,"PRESTON AV","SHAKELEY LN",0.00,,Y,A,-,Y,AMA,10,104,-,R,5.766,I,5,W,N,3,0,1,2,A,-,03,22350,,N,G,B,B,A,H,-,D,D,0,Y,,,,Y,,A,01,0,1,0,0,1,0,0,0,0,"- ","- ",38.354129791259766,-120.9361572265625,AMADOR,IONE,-120.93578338623047,38.3541259765625
9877140,2025,2025-09-19,0302,2025-04-08,1553,A5691,IOC,2,5,2,0302,0,0,0,,0,IOC,"PRESTON AV","SUTTER LN",0.00,,Y,A,-,N,,,,,,,,,,Y,3,0,2,2,A,-,03,22350,,N,C,C,A,A,H,-,A,D,0,,,,,Y,,A,01,0,1,1,0,0,0,0,0,0,"- ","- ",38.358100891113281,-120.93932342529297,AMADOR,IONE,-120.93965911865234,38.35906982421875
9877161,2024,2025-09-26,0302,2024-10-11,1503,R3131,IOC,5,5,2,0302,0,0,0,,0,IOC,"RT 104","MULE CREEK STATE PRISON",0.00,,Y,A,-,Y,AMA,10,104,-,R,4.270,H,-,W,N,4,0,2,2,A,-,09,21801,,N,D,C,A,A,H,-,A,A,0,,,,,Y,,A,01,0,0,2,0,0,0,0,0,0,"- ","- ",38.370628356933594,-120.95372772216797,AMADOR,IONE,-120.95600128173828,38.367496490478516
9877196,2025,2025-09-26,0302,2025-05-28,1353,H0324,IOC,3,5,2,0302,0,0,0,,0,IOC,"RT 124","PRESTON AV",301.00,E,N,A,-,Y,AMA,10,124,-,R,2.350,H,-,E,Y,4,0,1,2,A,-,09,21804,,N,B,C,A,A,H,-,A,D,0,,,,,Y,,A,01,0,0,1,0,0,0,0,0,0,"- ","- ",38.35491943359375,-120.93476867675781,AMADOR,IONE,-120.93505096435547,38.354743957519531
9891147,2025,2025-12-02,0305,2025-11-06,1735,X0846,0305,4,5,1,0305,0,0,0,,0,STC,"RIDGE RD","BOWERS RD",0.00,,Y,A,-,N,,,,,,,,,,N,4,0,2,2,A,-,09,21804,A,N,D,D,A,A,H,-,C,D,0,,,,,Y,,A,01,0,0,2,0,0,0,0,0,0,"- ","- ",38.376739501953125,-120.80512237548828,AMADOR,"SUTTER CREEK",-120.804931640625,38.376712799072266
9891256,2025,2026-01-16,0302,2025-10-17,2009,S9592,IOC,5,5,2,0302,0,0,0,,0,IOC,"PRESTON AV","WATERMAN RD",0.00,,Y,A,-,Y,AMA,10,104,-,R,5.510,I,5,W,Y,3,0,1,2,A,-,09,21801,A,N,A,C,A,A,H,-,C,D,0,,,,,Y,,A,01,0,1,0,0,0,0,0,0,0,"- ","- ",38.357231140136719,-120.93820953369141,AMADOR,IONE,-120.93827056884766,38.3572998046875
9891258,2025,2026-01-22,0302,2025-11-24,"538 ",N7035,IOC,1,5,2,0302,0,0,0,,0,IOC,"PRESTON AV","WELCH CT",0.00,,Y,A,-,Y,AMA,10,104,-,R,5.786,I,5,E,Y,2,0,1,1,A,-,08,22107,,N,E,I,A,A,H,-,C,D,0,,,Y,,Y,,C,02,1,0,0,0,0,0,0,0,1,"- ","- ",38.356121063232422,-120.93801879882812,AMADOR,IONE,-120.93556213378906,38.353843688964844
9903634,2025,2026-01-29,0302,2025-12-05,"948 ",A5691,IOC,5,5,2,0302,0,0,0,,0,IOC,"PRESTON AV","WILDA CT",160.00,W,-,A,F,N,,,,,,,,,,Y,3,0,1,1,A,-,08,22100,5,N,E,I,A,B,H,-,A,D,0,,,,,Y,,D,22,0,1,0,0,0,0,0,0,0,"- ","- ",38.355709075927734,-120.93701171875,AMADOR,IONE,-120.93732452392578,38.356082916259766
9904968,2025,2026-01-27,0302,2025-12-13,1036,M9918,IOZ,6,5,2,0302,0,0,0,,0,020,"S BUENA VISTA ST","W MARLETTE ST",72.00,N,N,B,-,N,,,,,,,,,,N,3,0,2,3,A,-,08,22108,,N,G,B,E,A,H,-,A,D,0,Y,,,,Y,,-,"- ",0,2,0,0,2,0,0,0,0,"- ","- ",38.350631713867188,-120.93359375,AMADOR,IONE,-120.93359375,38.350662231445312